Index,Artist,title,year,data,Absolute Chords,section,loop type,chords only,Form Type,MBID,source
314,Katy Perry,Hot 'n' cold,2008,$In $Vr*4 $Ch*4  $interlude $Vr*4 $Ch*4 $bridge*4 $Vr $Ch*4,,S,,,C,3ab64b07-4760-3b29-83e1-9f63cd39963f,"Park: MusicID Top 200 (2000-2020), Richards"
314,Katy Perry,Hot 'n' cold,2008,|1 . . 5 ||2- . . 4||,|GM . . DM||Am . . CM||,"$Vr, $Ch, $interlude",,1 5 2- 4,C,3ab64b07-4760-3b29-83e1-9f63cd39963f,"Park: MusicID Top 200 (2000-2020), Richards"
314,Katy Perry,Hot 'n' cold,2008,|R|,|R|,$In,Rest,R,C,3ab64b07-4760-3b29-83e1-9f63cd39963f,"Park: MusicID Top 200 (2000-2020), Richards"
314,Katy Perry,Hot 'n' cold,2008,|6- . .4 ||1 . . 5||,|Em . . CM||GM . . DM||,$bridge ,Axis-A,6- 4 1 5,C,3ab64b07-4760-3b29-83e1-9f63cd39963f,"Park: MusicID Top 200 (2000-2020), Richards"
263,Katy Perry,E.T.,2010,$Vr*4  $Vr*4 $PCh $Ch*4 $bridge $Ch*4 $PostCh,,S,,,D,48b78802-5dce-4b68-a6db-51c04d2d8a8e,Peres
263,Katy Perry,E.T.,2010,|R||||,|R||||,$In,Rest,R,D,48b78802-5dce-4b68-a6db-51c04d2d8a8e,Peres
263,Katy Perry,E.T.,2010,|6-||||,|Fm||||,$Vr,Six,6-,D,48b78802-5dce-4b68-a6db-51c04d2d8a8e,Peres
263,Katy Perry,E.T.,2010,|4|5|2-||4|5|4|. . . 3|,|DbM | EbM|Bbm||DbM |EbM|DbM|. . . CM|,$PCh,,4 5 2- 4 5 4 3,D,48b78802-5dce-4b68-a6db-51c04d2d8a8e,Peres
263,Katy Perry,E.T.,2010,|4 |5 | 6- | 1|,|DbM|EbM|Fm|AbM|,"$Ch, $PostCh",Plateau: ascending passing loop,4 5 6- 1,D,48b78802-5dce-4b68-a6db-51c04d2d8a8e,Peres
263,Katy Perry,E.T.,2010,|2- |4 |6-| 5|,|Bbm|Dbm|Fm|EbM|,$bridge,Get Lucky,2- 4 6- 5,D,48b78802-5dce-4b68-a6db-51c04d2d8a8e,Peres
160,Daft Punk,Get Lucky,2013,$In $Vr $PCh $Ch $PostCh $Instr $Vr $PCh $Ch $PostCh $Ch $PostCh $Ch $PostCh $Br $PCh $Ch $PostCh_long $Outro,,S,,,A,b11bf816-1844-47e5-9075-9239b7609c6a,"Peres, Spicer, Jinny Park: daft punk corpus"
160,Daft Punk,Get Lucky,2013,|2- |4 |6-| 5|,|Bm |DM |F#m|EM|,$a,Get Lucky,2- 4 6- 5,A,b11bf816-1844-47e5-9075-9239b7609c6a,"Peres, Spicer, Jinny Park: daft punk corpus"
160,Daft Punk,Get Lucky,2013,$a*4,,$In,,,A,b11bf816-1844-47e5-9075-9239b7609c6a,"Peres, Spicer, Jinny Park: daft punk corpus"
160,Daft Punk,Get Lucky,2013,$a*2,,"$Vr, $PCh, $Ch",,,A,b11bf816-1844-47e5-9075-9239b7609c6a,"Peres, Spicer, Jinny Park: daft punk corpus"
160,Daft Punk,Get Lucky,2013,$a,,"$PostCh, $Instr",,,A,b11bf816-1844-47e5-9075-9239b7609c6a,"Peres, Spicer, Jinny Park: daft punk corpus"
160,Daft Punk,Get Lucky,2013,$a*5,,$Br,,,A,b11bf816-1844-47e5-9075-9239b7609c6a,"Peres, Spicer, Jinny Park: daft punk corpus"
160,Daft Punk,Get Lucky,2013,$a*4,,$PostCh_long,,,,,
160,Daft Punk,Get Lucky,2013,$a*6,,$Outro,,,,,
49,Ed Sheeran,Perfect,2017,$In*2 $Vr1*2 $Vr2 $Vr1 $Ch*4 $link $Vr*2 $Ch*4 $instr $Ch*4 $PostCh $outro,,S,,,D,f673b3e1-f46d-44e7-9767-43d7a88aa886,Park: MusicID Top 200 (2000-2020)
49,Ed Sheeran,Perfect,2017,|6- |4| 1| 5|,|Fm|DbM|AbM|EbM|,$Ch,Axis-A,6- 4 1 5,D,f673b3e1-f46d-44e7-9767-43d7a88aa886,Park: MusicID Top 200 (2000-2020)
49,Ed Sheeran,Perfect,2017,|1 |6- |4 |5 1|,AbM |Fm|DbM|AbM EbM|,$Vr2,,1 6- 4 5 1,D,f673b3e1-f46d-44e7-9767-43d7a88aa886,Park: MusicID Top 200 (2000-2020)
49,Ed Sheeran,Perfect,2017,|1 |6- |4 |5|,AbM Fm|DbM EbM|,"$In, $Vr1, $instr",Doo-wop,1 6- 4 5,D,f673b3e1-f46d-44e7-9767-43d7a88aa886,Park: MusicID Top 200 (2000-2020)
49,Ed Sheeran,Perfect,2017,|1 5 |6-  5|4 |5 R|,AbM EbM| Fm AbM|DbM| EbM|,$link,,1 5 6- 5 4 5 R,D,f673b3e1-f46d-44e7-9767-43d7a88aa886,Park: MusicID Top 200 (2000-2020)
49,Ed Sheeran,Perfect,2017,|4||5||,DbM||EbM||,$PostCh,Plateau Shuttle,4 5,D,f673b3e1-f46d-44e7-9767-43d7a88aa886,Park: MusicID Top 200 (2000-2020)
49,Ed Sheeran,Perfect,2017,|1 5 |6-  5|4 |5 | 1||,AbM EbM| Fm AbM|DbM| EbM|,$outro,,1 5 6- 5 4 5 1,D,f673b3e1-f46d-44e7-9767-43d7a88aa886,Park: MusicID Top 200 (2000-2020)
78,Nicky Jam and Enrique Iglesias¬†,El perdón (Forgiveness),2015,$In $Vr*2 $PCh $drop $Ch*2 $Vr*2 $PCh $drop $Ch*2 $Vr $drop $bridge*2 $outro,,S,,,B,40f920e3-b596-48f9-a092-4e5b74ef6a6a,Richards
78,Nicky Jam and Enrique Iglesias¬†,El perdón (Forgiveness),2015,|6- 4 |1 5|,|Fm DbM |AbM EbM|,"$In, $Vr, $PCh, $Ch, $bridge, $outro",Axis-A,6- 4 1 5,B,40f920e3-b596-48f9-a092-4e5b74ef6a6a,Richards
78,Nicky Jam and Enrique Iglesias¬†,El perdón (Forgiveness),2015,|6- 4 |1 R|,|Fm DbM |AbM .|,$drop,,6- 4 1 R,B,40f920e3-b596-48f9-a092-4e5b74ef6a6a,Richards
30,Lady Gaga,Heal Me,2018,$In $Vr*2 $PCh $drop $Ch*2 $Vr*2 $PostCh $drop $Vr $PCh $drop $Ch*4 $PostCh $drop $bridge*2 $Ch*4 $PostCh $drop,,S,,,"B, D",af3ef4ef-b7c7-4bca-ad19-91e3615f18a5,Duinker
30,Lady Gaga,Heal Me,2018,|4 | . 6- 5 3-|,|Fm| .  Am GM Em|,$Ch,Four Six Five Three,4 6- 5 3-,"B, D",af3ef4ef-b7c7-4bca-ad19-91e3615f18a5,Duinker
30,Lady Gaga,Heal Me,2018,|4 | . . . 6-|5 . . 6-|5|,|Fm| . . .  Am |GM . . Am |GM|,"$In, $Vr, $bridge",,4  6- 5 6- 5,"B, D",af3ef4ef-b7c7-4bca-ad19-91e3615f18a5,Duinker
30,Lady Gaga,Heal Me,2018,|4 |6- 5|,|FM|Am GM|,"$PCh, $PostCh",Plateau: open neighboring loop,4 6- 5,"B, D",af3ef4ef-b7c7-4bca-ad19-91e3615f18a5,Duinker
30,Lady Gaga,Heal Me,2018,|4| 6- R|,|FM|Am R|,$drop,,4 6- R,"B, D",af3ef4ef-b7c7-4bca-ad19-91e3615f18a5,Duinker
167,Demi Lovato,Heart Attack,2013,$In $Vr*2 $Vr*2 $PCh $drop $Ch $link $DCh $Vr*2 $Vr*2 $PCh $drop $Ch $link $DCh  $bridge $Ch $PostCh,,S,,,D,a770a566-ad20-492b-b6e7-2444c3cdd563,Richards
167,Demi Lovato,Heart Attack,2013,|4 |3-|6-||1|R||||,|DbM | Cm|Fm||AbM |R|R|R|,$In,,4 3- 6- 1 R,D,a770a566-ad20-492b-b6e7-2444c3cdd563,Richards
167,Demi Lovato,Heart Attack,2013,|4|. 1 . . |5|. 6- . .|,|DbM|. AbM . .|EbM|. Fm . .|,"$Vr, $PCh, $Ch_a",Axis-F,4 1 5 6-,D,a770a566-ad20-492b-b6e7-2444c3cdd563,Richards
167,Demi Lovato,Heart Attack,2013,|4|. 1 .|R||,|DbM|. AbM .|||,$drop,,4 1 R,D,a770a566-ad20-492b-b6e7-2444c3cdd563,Richards
167,Demi Lovato,Heart Attack,2013,|4 |. 3- . .|6-|. 2- . . |1|R|,|DbM | . Cm . . |Fm|. Bbm . . |Ab |R|,$link,,4 3- 6- 2- 1 R,D,a770a566-ad20-492b-b6e7-2444c3cdd563,Richards
167,Demi Lovato,Heart Attack,2013,|6- | .  4 . . | 1 | . 5 . . |,|Fm|. DbM . . |AbM| . EbM . . |,$DCh_a,Axis-A,6- 4 1 5,D,a770a566-ad20-492b-b6e7-2444c3cdd563,Richards
167,Demi Lovato,Heart Attack,2013,|6- | .  4 . . | 1 | 5 |,|Fm| . DbM . . | AbM | EbM|,$DCh_b,Axis-A,6- 4 1 5,D,a770a566-ad20-492b-b6e7-2444c3cdd563,Richards
167,Demi Lovato,Heart Attack,2013,$DCh_a $DCh_b,,$DCh,,,D,a770a566-ad20-492b-b6e7-2444c3cdd563,Richards
167,Demi Lovato,Heart Attack,2013,|6- || 4 || 1 || 5 ||,|Fm||DbM||AbM||EbM||Fm||DbM||AbM||CM|||,$bridge_a,Axis-A,6- 4 1 5,D,a770a566-ad20-492b-b6e7-2444c3cdd563,Richards
167,Demi Lovato,Heart Attack,2013,| 6- || 4 || 1 || 5 |R||,|Fm||DbM||AbM||CM|||,$bridge_b,,6- 4 1 5 R,D,a770a566-ad20-492b-b6e7-2444c3cdd563,Richards
167,Demi Lovato,Heart Attack,2013,$bridge_a $bridge_b,,$bridge,,,D,a770a566-ad20-492b-b6e7-2444c3cdd563,Richards
167,Demi Lovato,Heart Attack,2013,|4|. 1 . .|5||,|DbM|. AbM . .|EbM||,$Ch_b,Closed Double Plagal,4 1 5,D,a770a566-ad20-492b-b6e7-2444c3cdd563,Richards
167,Demi Lovato,Heart Attack,2013,$Ch_a $Ch_b,,$Ch,,,D,a770a566-ad20-492b-b6e7-2444c3cdd563,Richards
167,Demi Lovato,Heart Attack,2013,|6-||||,|Fm||||,$ending,Six,6-,D,a770a566-ad20-492b-b6e7-2444c3cdd563,Richards
167,Demi Lovato,Heart Attack,2013,$DCh *2 $ending,,$PostCh,,,D,a770a566-ad20-492b-b6e7-2444c3cdd563,Richards
150,Ellie Goulding,Burn,2013,$In $Vr*2 $PCh $PCh_turnaround $drop $DCh $Vr*2 $PCh $PCh_turnaround $drop $DCh $PCh $link*3 $PCh $PCh_turnaround $drop $DCh $PCh*2 $outro ,,S,,,D,f55bc729-1cf1-45dc-a7e5-e3a8d69e5092,"Peres, Richards"
150,Ellie Goulding,Burn,2013,|6-|4|3-|5|,|Bbm |GbM|Fm| AbM|,"$a, $outro",,6- 4 3- 5,D,f55bc729-1cf1-45dc-a7e5-e3a8d69e5092,"Peres, Richards"
150,Ellie Goulding,Burn,2013,$a*2,,"$In, $Vr, PCh, $DCh, $link",,,D,f55bc729-1cf1-45dc-a7e5-e3a8d69e5092,"Peres, Richards"
150,Ellie Goulding,Burn,2013,|6-|2-|1|5|,|Bbm |Ebm|DbM |AbM|,$PCh_turnaround,,6- 2- 1 5,D,f55bc729-1cf1-45dc-a7e5-e3a8d69e5092,"Peres, Richards"
150,Ellie Goulding,Burn,2013,|1| 5|6-| R|,|DbM |GbM|BbM |R|,$drop,,1 5 6- R,D,f55bc729-1cf1-45dc-a7e5-e3a8d69e5092,"Peres, Richards"
50,The Weeknd,Secrets,2017,$In $Vr*3 $turn $PCh $turn $Ch*4 $link $Vr $turn $PCh $turn $Ch*4 $link $bridge*4 $Ch*4 $turn,,S,,,D,bd28d3a9-b287-4b9c-9d08-118da13376f3,Duinker
50,The Weeknd,Secrets,2017,|4 ||5||,|FM||GM||,$In $Vr $PCh $Ch,Plateau Shuttle,4 5,D,bd28d3a9-b287-4b9c-9d08-118da13376f3,Duinker
50,The Weeknd,Secrets,2017,|4 ||3-||,|FM||Em||,$bridge,,4 3-,D,bd28d3a9-b287-4b9c-9d08-118da13376f3,Duinker
50,The Weeknd,Secrets,2017,|2|1|7||,|DM |CM|BM||,$link,,2 1 7,D,bd28d3a9-b287-4b9c-9d08-118da13376f3,Duinker
50,The Weeknd,Secrets,2017,|4||5|2|,|FM||GM|DM|,$turn,,4 5 2,D,bd28d3a9-b287-4b9c-9d08-118da13376f3,Duinker
538,Selena Gomez,Same Old Love,2015,$In*4 $Vr*2 $Ch*4 $Ch*4 $Vr $PCh*3 $turn $Ch*4 $Ch*4 $bridge*4 $Ch*4 $Ch*4 $final,,S,,,D,e179bced-e75d-44f0-8438-899469e0ebe2,Peres
538,Selena Gomez,Same Old Love,2015,|6- . 4 5 |,|Bm . GM AM|,$In $Vr1,Plateau: lower incomplete neighbor,6- 4 5,D,e179bced-e75d-44f0-8438-899469e0ebe2,Peres
538,Selena Gomez,Same Old Love,2015,| 2- . 6- 1 |,|Em . Bm DM |,$Vr2,,2- 6- 1,D,e179bced-e75d-44f0-8438-899469e0ebe2,Peres
538,Selena Gomez,Same Old Love,2015,$Vr1*4 $Vr2*4,,$Vr,,,D,e179bced-e75d-44f0-8438-899469e0ebe2,Peres
538,Selena Gomez,Same Old Love,2015,|6- 4 |2- 5 |,|Bm . . GM|Em . . AM|,$Ch,Aeolian-Dorian Four Chords,6- 4 2- 5,D,e179bced-e75d-44f0-8438-899469e0ebe2,Peres
538,Selena Gomez,Same Old Love,2015,|6- . 4 . 2- |. 4 3- 2- 3- |,|Bm . GM . Em| . GM F#m Em F#m|,$PCh,,6- 4 2- 4 3- 2- 3-,D,e179bced-e75d-44f0-8438-899469e0ebe2,Peres
538,Selena Gomez,Same Old Love,2015,|6- . 4 . 2- ||,|Bm . GM . Em| |,$turn,,6- 4 2-,D,e179bced-e75d-44f0-8438-899469e0ebe2,Peres
538,Selena Gomez,Same Old Love,2015,|6-|. 5 . . 2- 5 |,|Bm | . AM . . Em AM|,$bridge,,6- 5 2- 5,D,e179bced-e75d-44f0-8438-899469e0ebe2,Peres
538,Selena Gomez,Same Old Love,2015,|6-|,|Bm|,$final,Six,6-,D,e179bced-e75d-44f0-8438-899469e0ebe2,Peres
539,OneRepublic,Secrets,2014,$In $Vr $PCh $Ch*2 $instr $Vr $Ch*4 $outro*2,,S,,,A,7b6749a4-bd76-443d-9bb5-e2fa6011ca4b,Richards
539,OneRepublic,Secrets,2014,|1 | 3- |6- | 4 |,d,"$In, $Vr, $PCh, $Ch, $instr, $outro",Axis-C-sub3-,1 3- 6- 4,A,7b6749a4-bd76-443d-9bb5-e2fa6011ca4b,Richards
328,Miley Cyrus,See You Again,2008,$Vr*2 $Ch $Vr $Ch $interlude $a  $Ch $cad  $a,,S,,,D,0b538415-f589-320e-8387-932f0dd7999f,Peres
328,Miley Cyrus,See You Again,2008,|6- ||,|Am ||,"$a, $interlude",Six,6-,D,0b538415-f589-320e-8387-932f0dd7999f,Peres
328,Miley Cyrus,See You Again,2008,|6- |4|,|Am |FM|,$b,,6 4-,D,0b538415-f589-320e-8387-932f0dd7999f,Peres
328,Miley Cyrus,See You Again,2008,|2-|6-|,|Dm|Am|,$c,,2- 6-,D,0b538415-f589-320e-8387-932f0dd7999f,Peres
328,Miley Cyrus,See You Again,2008,|4 3-| 6-|,|Fm Em|AM,$cad,,4 3- 6-,D,0b538415-f589-320e-8387-932f0dd7999f,Peres
328,Miley Cyrus,See You Again,2008,$a $b $c $cad,,$Vr,,,D,0b538415-f589-320e-8387-932f0dd7999f,Peres
328,Miley Cyrus,See You Again,2008,|4 1 | 5|,|FM CM | GM|,$d,Closed Double Plagal,4 1 5,D,0b538415-f589-320e-8387-932f0dd7999f,Peres
328,Miley Cyrus,See You Again,2008,|4 6- 1 4|,|FM Am CM FM|,$e,,4 6- 1 4,D,0b538415-f589-320e-8387-932f0dd7999f,Peres
328,Miley Cyrus,See You Again,2008,$d*2 $e $cad,,$Ch,,,D,0b538415-f589-320e-8387-932f0dd7999f,Peres
509,The Offspring,Self Esteem,1994,R $interlude $turn $Vr $Vr $Ch $Vr $Ch $Ch_b $interlude $Vr $Vr $Ch $Ch_b $ending,,S,,,D,01c17bf0-56ba-30bd-acdf-2eba966927e2,Richards
509,The Offspring,Self Esteem,1994,|6- . . 4 |1 . . 5 |,|Am . . FM |CM . . GM |,$a,Axis-A,6- 4 1 5,D,01c17bf0-56ba-30bd-acdf-2eba966927e2,Richards
509,The Offspring,Self Esteem,1994,|4| . . 1 5 |,|FM| . . CM GM |,$turn,Closed Double Plagal,4 1 5,D,01c17bf0-56ba-30bd-acdf-2eba966927e2,Richards
509,The Offspring,Self Esteem,1994,$a*2 ,,$interlude,,,D,01c17bf0-56ba-30bd-acdf-2eba966927e2,Richards
509,The Offspring,Self Esteem,1994,$a*4,,$Vr,,,D,01c17bf0-56ba-30bd-acdf-2eba966927e2,Richards
509,The Offspring,Self Esteem,1994,$a*4,,$Ch,,,D,01c17bf0-56ba-30bd-acdf-2eba966927e2,Richards
509,The Offspring,Self Esteem,1994,|2- b7 |4 1 |,|Dm BbM |FM CM |,$b,,2- b7 4 1,D,01c17bf0-56ba-30bd-acdf-2eba966927e2,Richards
509,The Offspring,Self Esteem,1994,|2- b7 | 1 5 |,|Dm BbM | CM GM |,$c,,2- b7 1 5,D,01c17bf0-56ba-30bd-acdf-2eba966927e2,Richards
509,The Offspring,Self Esteem,1994,$b*4 $b*4 $c $turn,,$Ch_b,,,D,01c17bf0-56ba-30bd-acdf-2eba966927e2,Richards
509,The Offspring,Self Esteem,1994,|6- R . .|,|Am R . .|,$ending,,6- R,D,01c17bf0-56ba-30bd-acdf-2eba966927e2,Richards
105,Taylor Swift,Shake it Off,2015,$intro $Vr*2 $PCh $Ch*2 $Vr*2 $PCh $Ch*2 $PostCh $bridge $Ch*2 $PostCh*2 $ending,,S,,,A,5fa63cad-ca5d-4927-ad27-459388bdebaf,"Peres, Park: MusicID Top 200 (2000-2020)"
105,Taylor Swift,Shake it Off,2015,|R||,,$intro $vamp $ending,Rest,R,A,5fa63cad-ca5d-4927-ad27-459388bdebaf,"Peres, Park: MusicID Top 200 (2000-2020)"
105,Taylor Swift,Shake it Off,2015,|6-|1|5||,|Am|CM|GM||,$Vr $PCh $Ch $PostCh,,6- 1 5,A,5fa63cad-ca5d-4927-ad27-459388bdebaf,"Peres, Park: MusicID Top 200 (2000-2020)"
105,Taylor Swift,Shake it Off,2015,$vamp*4,,$bridge,,,A,5fa63cad-ca5d-4927-ad27-459388bdebaf,"Peres, Park: MusicID Top 200 (2000-2020)"
281,Britney Spears,3,2009,R*4 $Ch $intro*2 $Vr*2 $PCh*3 $turn $Vr*2 $PCh*3 $turn $Ch*4 $bridge*4 $bridge*3 $turn $Ch*4,,S,,,D,5444e95d-8c45-4325-90a4-c088f03782b6,Peres
281,Britney Spears,3,2009,|4 |5 6- . .|,|DbM |EbM Fm . .|,$PCh $bridge,Plateau: open passing loop,4 5 6-,D,5444e95d-8c45-4325-90a4-c088f03782b6,Peres
281,Britney Spears,3,2009,|6-|||5 2- . . |,|Fm| ||EbM Bbm . .|,"$intro, $instr, $Vr, $Ch",,6- 5 2-,D,5444e95d-8c45-4325-90a4-c088f03782b6,Peres
281,Britney Spears,3,2009,|4 | 3  |,|DbM .CM .|,$turn,,4 3,D,5444e95d-8c45-4325-90a4-c088f03782b6,Peres
130,David Guetta featuring Nicki Minaj,Hey Mama,2014,$intro*2 $Vr $riser $Ch*2 $Ch*2 $intro*2 $Vr $riser $Ch*2 $Ch*2 $intro*2 $Vr $Vr_b $Vr_a $PCh*2 $Ch*2 $Ch*2 $intro*2,,S,,,D,5b82e36f-7a1c-48bd-b620-795d0cffd7bb,Peres
130,David Guetta featuring Nicki Minaj,Hey Mama,2014,|6-||,|Em||,"$intro, $Vr_a",Six,6-,D,5b82e36f-7a1c-48bd-b620-795d0cffd7bb,Peres
130,David Guetta featuring Nicki Minaj,Hey Mama,2014,|6-||||,|Em||||,"$Vr, $riser",Six,6-,D,5b82e36f-7a1c-48bd-b620-795d0cffd7bb,Peres
130,David Guetta featuring Nicki Minaj,Hey Mama,2014,|6- 4| 2- 5|,|Em CM|Am DM|,"$Ch, $PCh",Aeolian-Dorian Four Chords,6- 4 2- 5,D,5b82e36f-7a1c-48bd-b620-795d0cffd7bb,Peres
130,David Guetta featuring Nicki Minaj,Hey Mama,2014,|1|2-|,|GM|Am|,$Vr_b,,1 2-,D,5b82e36f-7a1c-48bd-b620-795d0cffd7bb,Peres
134,Ariana Grande featuring The Weeknd,Love Me Harder ,2014,$intro $Vr $PCh $drop $Ch $DCh_a $Vr $PCh $drop $Ch $DCh_b $bridge $Ch*2 $DCh_b,,S,,,B,7822a325-e093-4794-8b34-d311f9058fb9,Peres
134,Ariana Grande featuring The Weeknd,Love Me Harder ,2014,|4|6-|2- . . 3-| . . 5 .|,|AM|C#m|F#m . . G#m | . . BM .|,"$a, $Vr, $PCh, $DCh_a",,4 6- 2- 3- 5,B,7822a325-e093-4794-8b34-d311f9058fb9,Peres
134,Ariana Grande featuring The Weeknd,Love Me Harder ,2014,|4 . . 3- 6-||2- . . 3-| . . 5 .|,|AM .  . G#m C#m||F#m . . G#m | . . BM .|,$b ,,4 3- 6- 2- 3- 5,B,7822a325-e093-4794-8b34-d311f9058fb9,Peres
134,Ariana Grande featuring The Weeknd,Love Me Harder ,2014,|4 . . 3- 6-||2- . . 3-| R|,|AM .  . G#m C#m||F#m . . G#m | R|,$drop,,4 3- 6- 2- 3- R,B,7822a325-e093-4794-8b34-d311f9058fb9,Peres
134,Ariana Grande featuring The Weeknd,Love Me Harder ,2014,$b $drop,,$bridge,,,B,7822a325-e093-4794-8b34-d311f9058fb9,Peres
134,Ariana Grande featuring The Weeknd,Love Me Harder ,2014,$a $b,,"$intro, $Vr, $Ch, $DCh_b",,,B,7822a325-e093-4794-8b34-d311f9058fb9,Peres
122,Sia,Chandelier,2014,$Vr*2 $PCh $Ch*4 $DCh*2 $Vr $PCh $Ch*4 $DCh*2 $outro,,S,,,D,9ad070d4-83e9-4404-9444-64ad5de092fa,"Peres, Park: MusicID Top 200 (2000-2020)"
122,Sia,Chandelier,2014,| 4|6-| 5| R |,|GM|Bm|AM|R|,$PCh,,4 6- 5 R,D,9ad070d4-83e9-4404-9444-64ad5de092fa,"Peres, Park: MusicID Top 200 (2000-2020)"
122,Sia,Chandelier,2014,|4|5|3-|4|,|GM|AM|F#m|GM|,$Ch $DCh,,4 5 3- 4,D,9ad070d4-83e9-4404-9444-64ad5de092fa,"Peres, Park: MusicID Top 200 (2000-2020)"
122,Sia,Chandelier,2014,|6-| 4| 5| 3- |,|Bm|GM7|AM|F#m|,$Vr,,6- 4 5 3-,D,9ad070d4-83e9-4404-9444-64ad5de092fa,"Peres, Park: MusicID Top 200 (2000-2020)"
122,Sia,Chandelier,2014,$DCh*2,,$outro,,,D,9ad070d4-83e9-4404-9444-64ad5de092fa,"Peres, Park: MusicID Top 200 (2000-2020)"
385,Ciara & Missy 'Misdemeanor' Elliot,1-2 Step,2004,$Intro $Vr $Ch $Vr $Ch $bridge $Vr $Ch*2 $outro*2,,S,,,C,77bdae1d-1d93-31e6-8f24-0d57d827a52d,Park: MusicID Top 200 (2000-2020)
385,Ciara & Missy 'Misdemeanor' Elliot,1-2 Step,2004,|6-||2-||,Gm||Cm||,$a,,6- 2-,C,77bdae1d-1d93-31e6-8f24-0d57d827a52d,Park: MusicID Top 200 (2000-2020)
385,Ciara & Missy 'Misdemeanor' Elliot,1-2 Step,2004,|6||7|. 3- 4|,GM||AM|. Em FM|,$b,,6 7 3- 4,C,77bdae1d-1d93-31e6-8f24-0d57d827a52d,Park: MusicID Top 200 (2000-2020)
385,Ciara & Missy 'Misdemeanor' Elliot,1-2 Step,2004,$a*2 ,,"$Intro, $Vr, $Ch, $outro",,,C,77bdae1d-1d93-31e6-8f24-0d57d827a52d,Park: MusicID Top 200 (2000-2020)
385,Ciara & Missy 'Misdemeanor' Elliot,1-2 Step,2004,$b*4 ,,$bridge,,,C,77bdae1d-1d93-31e6-8f24-0d57d827a52d,Park: MusicID Top 200 (2000-2020)
282,Green Day ,21 Guns ,2009,$intro $Vr_a $Vr_b $Ch*2 $PostCh $Vr_a $Vr_b $Ch*2 $PostCh $bridge $instr $intro $Vr_b $Ch*4 $e,,S,,,D,1b4a5af4-cae4-3ef0-ad75-2d477312648a,Richards
282,Green Day ,21 Guns ,2009,$a*2 ,,$intro,,,D,1b4a5af4-cae4-3ef0-ad75-2d477312648a,Richards
282,Green Day ,21 Guns ,2009,$a*3 $b,,$Vr_a,,,D,1b4a5af4-cae4-3ef0-ad75-2d477312648a,Richards
282,Green Day ,21 Guns ,2009,$a*3 $c,,$Vr_b,,,D,1b4a5af4-cae4-3ef0-ad75-2d477312648a,Richards
282,Green Day ,21 Guns ,2009,|6- 4|1 5|,|Dm BbM | FM CM|,$a,Axis-A,6- 4 1 5,D,1b4a5af4-cae4-3ef0-ad75-2d477312648a,Richards
282,Green Day ,21 Guns ,2009,|4|5|,|BbM|CM|,$b,Plateau Shuttle,4 5,D,1b4a5af4-cae4-3ef0-ad75-2d477312648a,Richards
282,Green Day ,21 Guns ,2009,|4| . . . 5|,|BbM| . . . CM|,$c,Plateau Shuttle,4 5,D,1b4a5af4-cae4-3ef0-ad75-2d477312648a,Richards
282,Green Day ,21 Guns ,2009,|1 5|6- 5|,|FM CM| Dm CM|,$d,,1 5 6- 5,D,1b4a5af4-cae4-3ef0-ad75-2d477312648a,Richards
282,Green Day ,21 Guns ,2009,|4 1 |5|,|BbM FM| CM | ,"$e, $PostCh",Closed Double Plagal,4 1 5,D,1b4a5af4-cae4-3ef0-ad75-2d477312648a,Richards
282,Green Day ,21 Guns ,2009,$d $e,,$Ch,,,D,1b4a5af4-cae4-3ef0-ad75-2d477312648a,Richards
282,Green Day ,21 Guns ,2009,|6- 4|1 4-|,|Dm BbM | FM AM|,$f,,6- 4 1 4-,D,1b4a5af4-cae4-3ef0-ad75-2d477312648a,Richards
282,Green Day ,21 Guns ,2009,$a $f*2 $b ,,$bridge,,,D,1b4a5af4-cae4-3ef0-ad75-2d477312648a,Richards
282,Green Day ,21 Guns ,2009,$Ch*2 $g,,$instr,,,D,1b4a5af4-cae4-3ef0-ad75-2d477312648a,Richards
282,Green Day ,21 Guns ,2009,|4 1 |3||,|BbM FM| AM|| ,$g,,4 1 3,D,1b4a5af4-cae4-3ef0-ad75-2d477312648a,Richards
54,Bon Iver,"33 ""GOD""",2016,$intro $Vr $Vr $Ch $interlude $a $outro,,S,,,D,08e1dc44-da43-487f-8f84-3d5d8b7fee41,Duinker
54,Bon Iver,"33 ""GOD""",2016,|4||||6-||||,|AM||||C#m||||,"$a, $interlude",Lydian-Aeolian Plateau Shuttle,4 6-,D,08e1dc44-da43-487f-8f84-3d5d8b7fee41,Duinker
54,Bon Iver,"33 ""GOD""",2016,|4|6- . . 5|,AM|C#m . . BM|,$b,Plateau: open neighboring loop,4 6- 5,D,08e1dc44-da43-487f-8f84-3d5d8b7fee41,Duinker
54,Bon Iver,"33 ""GOD""",2016,$a*2,,"$intro, $Vr",,,D,08e1dc44-da43-487f-8f84-3d5d8b7fee41,Duinker
54,Bon Iver,"33 ""GOD""",2016,$b*2 $c*2,,$Ch,,,D,08e1dc44-da43-487f-8f84-3d5d8b7fee41,Duinker
54,Bon Iver,"33 ""GOD""",2016,|6-||,|C#m||,$c,Six,6-,D,08e1dc44-da43-487f-8f84-3d5d8b7fee41,Duinker
54,Bon Iver,"33 ""GOD""",2016,|4||||1||||,|AM||||EM||||,$d,,4 1,D,08e1dc44-da43-487f-8f84-3d5d8b7fee41,Duinker
54,Bon Iver,"33 ""GOD""",2016,$d*4,,$outro,,,D,08e1dc44-da43-487f-8f84-3d5d8b7fee41,Duinker
190,Train ,50 Ways to Say Goodbye,2012,$intro $Vr*2 $PCh $Ch $interlude $Vr*2 $PCh $Ch $PostCh $bridge $PCh_b $Ch*2 $outro,,S,,,D,f29ab7ab-9d2f-4b4f-ab96-c05e959e6701,Richards
190,Train ,50 Ways to Say Goodbye,2012,|6-|2-|5|1|4|2-|3||,|Em |Am |DM| GM| CM| Am| BM ||,"$intro, $Vr, $interlude",,6- 2- 5 1 4 2- 3,D,f29ab7ab-9d2f-4b4f-ab96-c05e959e6701,Richards
190,Train ,50 Ways to Say Goodbye,2012,|R||,|R||,$PCh,Rest,R,D,f29ab7ab-9d2f-4b4f-ab96-c05e959e6701,Richards
190,Train ,50 Ways to Say Goodbye,2012,|4|1|5|6- 5|4|1|7o|5| ,|CM|GM|DM|Em DM| CM| GM|F#m|BM|,$Ch_a,,4 1 5 6- 5 4 1 7o 5,D,f29ab7ab-9d2f-4b4f-ab96-c05e959e6701,Richards
190,Train ,50 Ways to Say Goodbye,2012,|4|1|5|6- 5|4|1|5|| ,|CM|GM|DM|Em DM| CM| GM|BM||,$Ch_b,,4 1 5 6- 5 4 1 5,D,f29ab7ab-9d2f-4b4f-ab96-c05e959e6701,Richards
190,Train ,50 Ways to Say Goodbye,2012,|6-|2-|5|1|4|2-|3|4|,|Em |Am |DM| GM| CM| Am| Bm |CM|,$PostCh,,6- 2- 5 1 4 2- 3 4,D,f29ab7ab-9d2f-4b4f-ab96-c05e959e6701,Richards
190,Train ,50 Ways to Say Goodbye,2012,|5||4||5||4||,|DM||CM||DM||CM||,$bridge,,5 4 5 4,D,f29ab7ab-9d2f-4b4f-ab96-c05e959e6701,Richards
190,Train ,50 Ways to Say Goodbye,2012,|3|R|3||,|BM|R|BM||,$PCh_b,,3 R 3,D,f29ab7ab-9d2f-4b4f-ab96-c05e959e6701,Richards
190,Train ,50 Ways to Say Goodbye,2012,|4 1 5||,|CM GM DM||,$ending_cadence,Closed Double Plagal,4 1 5,D,f29ab7ab-9d2f-4b4f-ab96-c05e959e6701,Richards
190,Train ,50 Ways to Say Goodbye,2012,$Ch_a $Ch_b,,$Ch,,,D,f29ab7ab-9d2f-4b4f-ab96-c05e959e6701,Richards
190,Train ,50 Ways to Say Goodbye,2012,$ending_cadence*2,,$outro,,,D,f29ab7ab-9d2f-4b4f-ab96-c05e959e6701,Richards
416,Celine Dion ,A New Day Has Come ,2002,$In $Vr_a $Vr_b $Ch $Vr_c $Vr_d $interlude $Vr_b $Ch $Vr_c $Vr_e $Vr_c $Vr_f $outro,,S,,,D,ddb504fd-fa94-45d7-813a-674c6399bc66,Richards
416,Celine Dion ,A New Day Has Come ,2002,|4| 1| 5| 6-|,|CM|GM|DM|Em|,$g,Axis-F,4 1 5 6-,D,ddb504fd-fa94-45d7-813a-674c6399bc66,Richards
416,Celine Dion ,A New Day Has Come ,2002,|4| 1| 5||,|CM|GM|DM||,$a,Closed Double Plagal,4 1 5,D,ddb504fd-fa94-45d7-813a-674c6399bc66,Richards
416,Celine Dion ,A New Day Has Come ,2002,| 6- | 4 | 1 | 5 |,|Em|CM|GM|DM|,$b,Axis-A,6- 4 1 5,D,ddb504fd-fa94-45d7-813a-674c6399bc66,Richards
416,Celine Dion ,A New Day Has Come ,2002,$a $b*2,,$In,,,D,ddb504fd-fa94-45d7-813a-674c6399bc66,Richards
416,Celine Dion ,A New Day Has Come ,2002,$d*2 $e $c,|Em||R||Em|R||Em||GM |DM|CM||Em|DM|,$Vr_a,,,D,ddb504fd-fa94-45d7-813a-674c6399bc66,Richards
416,Celine Dion ,A New Day Has Come ,2002,$b*3 $c,,$Vr_b,,,D,ddb504fd-fa94-45d7-813a-674c6399bc66,Richards
416,Celine Dion ,A New Day Has Come ,2002,|4||6-|5|,|CM||Em|DM|,$c,Plateau: open neighboring loop,4 6- 5,D,ddb504fd-fa94-45d7-813a-674c6399bc66,Richards
416,Celine Dion ,A New Day Has Come ,2002,|6-||R||,|Em||R||,$d,,6- R,D,ddb504fd-fa94-45d7-813a-674c6399bc66,Richards
416,Celine Dion ,A New Day Has Come ,2002,|6-||1|5|,|Em||GM|DM|,$e,,6- 1 5,D,ddb504fd-fa94-45d7-813a-674c6399bc66,Richards
416,Celine Dion ,A New Day Has Come ,2002,$b*3 $f,,$Ch,,,D,ddb504fd-fa94-45d7-813a-674c6399bc66,Richards
416,Celine Dion ,A New Day Has Come ,2002,|2||||,|AM||||,$f,,2,D,ddb504fd-fa94-45d7-813a-674c6399bc66,Richards
416,Celine Dion ,A New Day Has Come ,2002,$g $a ,,$Vr_c,,,D,ddb504fd-fa94-45d7-813a-674c6399bc66,Richards
416,Celine Dion ,A New Day Has Come ,2002,$g*2 ,,$Vr_d,,,D,ddb504fd-fa94-45d7-813a-674c6399bc66,Richards
416,Celine Dion ,A New Day Has Come ,2002,$b*2 ,,$interlude,,,D,ddb504fd-fa94-45d7-813a-674c6399bc66,Richards
416,Celine Dion ,A New Day Has Come ,2002,|4|1|3||,|CM|GM|BM||,$h,,4 1 3,D,ddb504fd-fa94-45d7-813a-674c6399bc66,Richards
416,Celine Dion ,A New Day Has Come ,2002,$g $h,,$Vr_e,,,D,ddb504fd-fa94-45d7-813a-674c6399bc66,Richards
416,Celine Dion ,A New Day Has Come ,2002,|4| 1| 5||R||,|CM|GM|DM||R||,$i,,4 1 5 R,D,ddb504fd-fa94-45d7-813a-674c6399bc66,Richards
416,Celine Dion ,A New Day Has Come ,2002,$g $i,,$Vr_f,,,D,ddb504fd-fa94-45d7-813a-674c6399bc66,Richards
416,Celine Dion ,A New Day Has Come ,2002,$b*12,,$outro,,,D,ddb504fd-fa94-45d7-813a-674c6399bc66,Richards
111,Coldplay ,A Sky Full of Stars ,2014,$In $Vr*2 $Vr*2 $DCh $Vr*2 $Vr*2 $a $DCh_b $bridge $outro,,S,,,D,f42ca644-0fa7-4ec5-9089-542c9a1b8be3,Richards
111,Coldplay ,A Sky Full of Stars ,2014,|6- . . 5|4|1|3|,|Em . . DM|CM|GM|Bm|,$a,,6- 5 4 1 3,D,f42ca644-0fa7-4ec5-9089-542c9a1b8be3,Richards
111,Coldplay ,A Sky Full of Stars ,2014,$a*2,,"$In, $Vr",,,D,f42ca644-0fa7-4ec5-9089-542c9a1b8be3,Richards
111,Coldplay ,A Sky Full of Stars ,2014,|6- . . 5|4|1|7o . . 3|,|Em . . DM|CM|GM|F#o . . Bm|,$b,,6- 5 4 1 7o 3,D,f42ca644-0fa7-4ec5-9089-542c9a1b8be3,Richards
111,Coldplay ,A Sky Full of Stars ,2014,|6- . . 5|4|1|4 . . 7o |,|Em . . DM|CM|GM|DM . . F#o |,$c,,6- 5 4 1 4 7o,D,f42ca644-0fa7-4ec5-9089-542c9a1b8be3,Richards
111,Coldplay ,A Sky Full of Stars ,2014,$b $c $a,,$DCh,,,D,f42ca644-0fa7-4ec5-9089-542c9a1b8be3,Richards
111,Coldplay ,A Sky Full of Stars ,2014,$b $c $c $b,,$DCh_b,,,D,f42ca644-0fa7-4ec5-9089-542c9a1b8be3,Richards
111,Coldplay ,A Sky Full of Stars ,2014,|4|5|6-| . 1 . . |,|CM|DM|Em| . GM . .|,$d,Plateau: ascending passing loop,4 5 6- 1,D,f42ca644-0fa7-4ec5-9089-542c9a1b8be3,Richards
111,Coldplay ,A Sky Full of Stars ,2014,$d*5,,$bridge,,,D,f42ca644-0fa7-4ec5-9089-542c9a1b8be3,Richards
111,Coldplay ,A Sky Full of Stars ,2014,$d*3,,$outro,,,D,f42ca644-0fa7-4ec5-9089-542c9a1b8be3,Richards
417,Vanessa Carlton,A Thousand Miles,2002,$In $Vr*2 $PCh $Ch $link $Vr*2 $PCh $Ch $link_b $bridge $Vr*2 $PCh $Ch*2 $f $outro,,S,,,"C, D",3ee4663e-addb-38c8-8806-a7598605df85,Park: MusicID Top 200 (2000-2020)
417,Vanessa Carlton,A Thousand Miles,2002,|4 . . 5 . . 3-  .| . 4 |,|EM . . F#M . . D#m . | . EM|,$a,,4 5 3- 4,"C, D",3ee4663e-addb-38c8-8806-a7598605df85,Park: MusicID Top 200 (2000-2020)
417,Vanessa Carlton,A Thousand Miles,2002,|4 . . 5 . . . . |3-  . . 4 . . . . |,|EM . . F#M . . . . | D#m . .  EM . . . .|,$b,,4 5 3- 4,"C, D",3ee4663e-addb-38c8-8806-a7598605df85,Park: MusicID Top 200 (2000-2020)
417,Vanessa Carlton,A Thousand Miles,2002,|4 . . 5 . . 3-  .||,|EM . . F#M . . D#m . ||,$c,,4 5 3-,"C, D",3ee4663e-addb-38c8-8806-a7598605df85,Park: MusicID Top 200 (2000-2020)
417,Vanessa Carlton,A Thousand Miles,2002,|4 5|,|EM F#M|,$d,Plateau Shuttle,4 5,"C, D",3ee4663e-addb-38c8-8806-a7598605df85,Park: MusicID Top 200 (2000-2020)
417,Vanessa Carlton,A Thousand Miles,2002,|4| 5| 3-| 4|,|EM F#M|D#m EM|,$e,,4 5 3- 4,"C, D",3ee4663e-addb-38c8-8806-a7598605df85,Park: MusicID Top 200 (2000-2020)
417,Vanessa Carlton,A Thousand Miles,2002,|6- . . 7o . . 5 . ||,|G#m. . A#o . . F#M .||,$f,,6- 7o 5,"C, D",3ee4663e-addb-38c8-8806-a7598605df85,Park: MusicID Top 200 (2000-2020)
417,Vanessa Carlton,A Thousand Miles,2002,$a*4,,"$In, $link_b, $outro",,,"C, D",3ee4663e-addb-38c8-8806-a7598605df85,Park: MusicID Top 200 (2000-2020)
417,Vanessa Carlton,A Thousand Miles,2002,$b*2 $a*2,,$Vr,,,"C, D",3ee4663e-addb-38c8-8806-a7598605df85,Park: MusicID Top 200 (2000-2020)
417,Vanessa Carlton,A Thousand Miles,2002,$c*3 $d,,$PCh,,,"C, D",3ee4663e-addb-38c8-8806-a7598605df85,Park: MusicID Top 200 (2000-2020)
417,Vanessa Carlton,A Thousand Miles,2002,$e*3 $f,,$Ch,,,"C, D",3ee4663e-addb-38c8-8806-a7598605df85,Park: MusicID Top 200 (2000-2020)
417,Vanessa Carlton,A Thousand Miles,2002,$a*2,,$link,,,"C, D",3ee4663e-addb-38c8-8806-a7598605df85,Park: MusicID Top 200 (2000-2020)
417,Vanessa Carlton,A Thousand Miles,2002,|6-  7o | 1 2- |,|G#m A#o |BM C#m |,$g,,6- 7o 1 2-,"C, D",3ee4663e-addb-38c8-8806-a7598605df85,Park: MusicID Top 200 (2000-2020)
417,Vanessa Carlton,A Thousand Miles,2002,$g*3 $f,,$bridge,,,"C, D",3ee4663e-addb-38c8-8806-a7598605df85,Park: MusicID Top 200 (2000-2020)
283,Orianthi ,According to You ,2009,$In $Vr*2 $Ch $link $Vr $Vr_b $Ch $bridge $instr $Vr $PCh $Ch $link $outro,,S,,,D,b62b2506-0632-4601-8b72-1738f5c8b90a,Richards
283,Orianthi ,According to You ,2009,|1| 5| 6-| 4|,,$a,Axis-C,1 5 6- 4,D,b62b2506-0632-4601-8b72-1738f5c8b90a,Richards
283,Orianthi ,According to You ,2009,|4|5|6-|2-|,|BbM|CM|Dm|Gm|,$b,,4 5 6- 2-,D,b62b2506-0632-4601-8b72-1738f5c8b90a,Richards
283,Orianthi ,According to You ,2009,|1|5|,|FM|CM|,$In,One Five,1 5,D,b62b2506-0632-4601-8b72-1738f5c8b90a,Richards
283,Orianthi ,According to You ,2009,$a*2,|FM|CM|Dm|BbM|,"$Vr, $instr",,,D,b62b2506-0632-4601-8b72-1738f5c8b90a,Richards
283,Orianthi ,According to You ,2009,$b*3 $c,,$Ch,,,D,b62b2506-0632-4601-8b72-1738f5c8b90a,Richards
283,Orianthi ,According to You ,2009,|4|5|,|BbM|CM|,$c,Plateau Shuttle,4 5,D,b62b2506-0632-4601-8b72-1738f5c8b90a,Richards
283,Orianthi ,According to You ,2009,|4 . . 1|4|,|BbM . . FM|BbM|,$link,,4 1 4,D,b62b2506-0632-4601-8b72-1738f5c8b90a,Richards
283,Orianthi ,According to You ,2009,|1|5|2-||,|FM|CM|Gm||,$PCh,,1 5 2-,D,b62b2506-0632-4601-8b72-1738f5c8b90a,Richards
283,Orianthi ,According to You ,2009,$a $d,,$Vr_b,,,D,b62b2506-0632-4601-8b72-1738f5c8b90a,Richards
283,Orianthi ,According to You ,2009,|6-|4|1|3-|,|Dm|BbM|FM|Am|,$e,Axis-A-sub3-,6- 4 1 3-,D,b62b2506-0632-4601-8b72-1738f5c8b90a,Richards
283,Orianthi ,According to You ,2009,|6-|4|||,|Dm|BbM|||,$turn,Aeolian-Lydian Plateau Shuttle,6- 4,D,b62b2506-0632-4601-8b72-1738f5c8b90a,Richards
283,Orianthi ,According to You ,2009,$e $turn,,$bridge,,,D,b62b2506-0632-4601-8b72-1738f5c8b90a,Richards
283,Orianthi ,According to You ,2009,|1|5|4|||,|FM|CM|BbM||,$outro,One Five Four,1 5 4,D,b62b2506-0632-4601-8b72-1738f5c8b90a,Richards
143,Miley Cyrus,Adore You,2013,$In $Vr $PCh $Ch $Vr $PCh $Ch $bridge $Ch*2 $ending_cadence,Adore You,S,,,C,415803cf-d29d-46ad-afe2-f68d138fa1b1,Peres
143,Miley Cyrus,Adore You,2013,|1||4|6-|,|CM||FM|Am|,$a,,1 4 6-,C,415803cf-d29d-46ad-afe2-f68d138fa1b1,Peres
143,Miley Cyrus,Adore You,2013,$a*2,,$In,,,C,415803cf-d29d-46ad-afe2-f68d138fa1b1,Peres
143,Miley Cyrus,Adore You,2013,$a*4,,$Vr,,,C,415803cf-d29d-46ad-afe2-f68d138fa1b1,Peres
143,Miley Cyrus,Adore You,2013,$a*2,,$PCh,,,C,415803cf-d29d-46ad-afe2-f68d138fa1b1,Peres
143,Miley Cyrus,Adore You,2013,$a*4,,$Ch,,,C,415803cf-d29d-46ad-afe2-f68d138fa1b1,Peres
143,Miley Cyrus,Adore You,2013,|4||2-|1|,|FM||Dm CM||,$b,,4 2- 1,C,415803cf-d29d-46ad-afe2-f68d138fa1b1,Peres
143,Miley Cyrus,Adore You,2013,$b*4,,$bridge,,,C,415803cf-d29d-46ad-afe2-f68d138fa1b1,Peres
143,Miley Cyrus,Adore You,2013,|1||,|CM||,$ending_cadence,One,1,C,415803cf-d29d-46ad-afe2-f68d138fa1b1,Peres
460,Lenny Kravitz,Again,2000,$In $Vr $Ch $Vr $Ch $bridge $instr $Ch*2 $outro*2,,S,,,D,dcff6512-6d0b-4d28-ad47-7c4f3f70c1fe,Park: MusicID Top 200 (2000-2020)
460,Lenny Kravitz,Again,2000,|1||6-||5| . . . 4||,|AM||F#m||EM| . . . DM||,$In,Axis-C-descent,1 6- 5 4,D,dcff6512-6d0b-4d28-ad47-7c4f3f70c1fe,Park: MusicID Top 200 (2000-2020)
460,Lenny Kravitz,Again,2000,|4||5 . . 6||,|DM||EM . . F#M||,$b,,4 5 6,D,dcff6512-6d0b-4d28-ad47-7c4f3f70c1fe,Park: MusicID Top 200 (2000-2020)
460,Lenny Kravitz,Again,2000,$b*4,,$Vr,,,D,dcff6512-6d0b-4d28-ad47-7c4f3f70c1fe,Park: MusicID Top 200 (2000-2020)
460,Lenny Kravitz,Again,2000,|1||6-||5||4||,|AM||F#m||EM||DM||,$a,Axis-C-descent,1 6- 5 4,D,dcff6512-6d0b-4d28-ad47-7c4f3f70c1fe,Park: MusicID Top 200 (2000-2020)
460,Lenny Kravitz,Again,2000,|1||6-||5-||4||,|AM||F#m||Em||DM||,$aa,Axis-C-descent,1 6- 5 4,D,dcff6512-6d0b-4d28-ad47-7c4f3f70c1fe,Park: MusicID Top 200 (2000-2020)
460,Lenny Kravitz,Again,2000,$a $aa,,"$Ch, $instr, $outro",,,D,dcff6512-6d0b-4d28-ad47-7c4f3f70c1fe,Park: MusicID Top 200 (2000-2020)
460,Lenny Kravitz,Again,2000,|1-||5-||,|Am||Em||,$c,,1- 5-,D,dcff6512-6d0b-4d28-ad47-7c4f3f70c1fe,Park: MusicID Top 200 (2000-2020)
460,Lenny Kravitz,Again,2000,$c*2,,$bridge,,,D,dcff6512-6d0b-4d28-ad47-7c4f3f70c1fe,Park: MusicID Top 200 (2000-2020)
436,Jennifer Lopez & Ja Rule,Ain't It Funny,2001,$In $In_2 $Vr $Ch*2 $Vr*2 $Ch*2 $bridge $In $Ch*2 $Ch*2 $Ch*2,,S,,,D-CLP,cb068e19-1423-3612-9311-2595a5146050,Park: MusicID Top 200 (2000-2020)
436,Jennifer Lopez & Ja Rule,Ain't It Funny,2001,|3|4|5 4|3|,|DM|EbM|FM EbM|DM|,$In,,3 4 5 4 3,D-CLP,cb068e19-1423-3612-9311-2595a5146050,Park: MusicID Top 200 (2000-2020)
436,Jennifer Lopez & Ja Rule,Ain't It Funny,2001,|6-|2-|6-|3|,|Gm | Cm|Gm|DM|,$In_2,,6- 2- 6- 3,D-CLP,cb068e19-1423-3612-9311-2595a5146050,Park: MusicID Top 200 (2000-2020)
436,Jennifer Lopez & Ja Rule,Ain't It Funny,2001,|6- 4|5 1|,|Gm EbM|FM BbM|,$a,,6- 4 5 1,D-CLP,cb068e19-1423-3612-9311-2595a5146050,Park: MusicID Top 200 (2000-2020)
436,Jennifer Lopez & Ja Rule,Ain't It Funny,2001,|6- 4|3|,|Gm EbM|DM|,$aCad,,6- 4 3,D-CLP,cb068e19-1423-3612-9311-2595a5146050,Park: MusicID Top 200 (2000-2020)
436,Jennifer Lopez & Ja Rule,Ain't It Funny,2001,$a*3 $aCad,,$Vr,,,D-CLP,cb068e19-1423-3612-9311-2595a5146050,Park: MusicID Top 200 (2000-2020)
436,Jennifer Lopez & Ja Rule,Ain't It Funny,2001,|6- 2-|3 6-|,|Gm|Cm|DM|Gm|,$b,,6- 2- 3 6-,D-CLP,cb068e19-1423-3612-9311-2595a5146050,Park: MusicID Top 200 (2000-2020)
436,Jennifer Lopez & Ja Rule,Ain't It Funny,2001,|6- 2-|3|,|Gm|Cm|DM||,$bCad,,6- 2- 3-,D-CLP,cb068e19-1423-3612-9311-2595a5146050,Park: MusicID Top 200 (2000-2020)
436,Jennifer Lopez & Ja Rule,Ain't It Funny,2001,$b $bCad,,$Ch,,,D-CLP,cb068e19-1423-3612-9311-2595a5146050,Park: MusicID Top 200 (2000-2020)
436,Jennifer Lopez & Ja Rule,Ain't It Funny,2001,|2-|6-|3|6-|,|Cm|Gm|DM|Gm|,$c,,2- 6- 3 6-,D-CLP,cb068e19-1423-3612-9311-2595a5146050,Park: MusicID Top 200 (2000-2020)
436,Jennifer Lopez & Ja Rule,Ain't It Funny,2001,|2-|6-|3||,|Cm|Gm|DM|,$cCad,,2- 6- 3,D-CLP,cb068e19-1423-3612-9311-2595a5146050,Park: MusicID Top 200 (2000-2020)
436,Jennifer Lopez & Ja Rule,Ain't It Funny,2001,$c $cCad,,$bridge,,,D-CLP,cb068e19-1423-3612-9311-2595a5146050,Park: MusicID Top 200 (2000-2020)
112,John Legend ,All of Me ,2014,$In $Vr*4 $PCh*2 $Ch*2 $DCh*2 $Vr*4 $PCh*2 $Ch*2 $DCh*2 $PCh*2 $Ch*2 $DCh*4,,S,,,D,45c67308-c345-431b-b475-f5cd0512d03f,"Richards, Park: MusicID Top 200 (2000-2020)"
112,John Legend ,All of Me ,2014,|6-| 4| 1| 5|,|Fm|DbM|AbM|EbM|,"$In, $Vr, $DCh",Axis-A,6- 4 1 5,D,45c67308-c345-431b-b475-f5cd0512d03f,"Richards, Park: MusicID Top 200 (2000-2020)"
112,John Legend ,All of Me ,2014,|2-|| 1| 5|,|BbM||AbM|EbM|,$PCh,,2- 1 5,D,45c67308-c345-431b-b475-f5cd0512d03f,"Richards, Park: MusicID Top 200 (2000-2020)"
112,John Legend ,All of Me ,2014,|1|| 6-|| 4|| 5||,|AbM||Fm||DbM||EbM||,$Ch,Doo-wop,1 6- 4 5,D,45c67308-c345-431b-b475-f5cd0512d03f,"Richards, Park: MusicID Top 200 (2000-2020)"
43,Krewella,Be There,2017,$In $Vr*2 $PCh*2 $Ch*3 $drop $DCh $Vr*2 $PCh*2 $Ch*3 $drop $DCh*2 $Ch*3 $drop $DCh*4,,S,,,B-CLP,ea67aac0-fb22-4a44-abab-04f98d7d2b49,"Barna, 2020"
43,Krewella,Be There,2017,|6-| 4| 1||,|Em|CM|GM||,$In,Six Four One Rest,6- 4 1,B-CLP,ea67aac0-fb22-4a44-abab-04f98d7d2b49,"Barna, 2020"
43,Krewella,Be There,2017,|6-| 4| 1| . 5|,|Em|CM|GM|. DM|,"$Vr, $PCh, $Ch",Axis-A,6- 4 1 5,B-CLP,ea67aac0-fb22-4a44-abab-04f98d7d2b49,"Barna, 2020"
43,Krewella,Be There,2017,|6-| 4| 1| R|,|Em|CM|GM||,$drop,,6- 4 1 R,B-CLP,ea67aac0-fb22-4a44-abab-04f98d7d2b49,"Barna, 2020"
43,Krewella,Be There,2017,|6- . . 4|| 1 . . 5||,|Em . . CM||GM . .  DM||,$a,Axis-A,6- 4 1 5,B-CLP,ea67aac0-fb22-4a44-abab-04f98d7d2b49,"Barna, 2020"
43,Krewella,Be There,2017,|6- . . 4|| . . . 5||,|Em . . CM|| . . .  DM||,$b,Plateau: lower incomplete neighbor,6- 4 5,B-CLP,ea67aac0-fb22-4a44-abab-04f98d7d2b49,"Barna, 2020"
43,Krewella,Be There,2017,$a $b,,$DCh,,,B-CLP,ea67aac0-fb22-4a44-abab-04f98d7d2b49,"Barna, 2020"
412,Brooks and Dunn ,Red Dirt Road ,2003,$In $Vr $PCh $Ch $link $Vr $PCh $Ch $interlude $Ch*4 $fadeout,,S,,,D,54f5cc96-7cba-3bad-811f-689ad1f1e35c,Richards
412,Brooks and Dunn ,Red Dirt Road ,2003,| 6- . . 4 || 1 . . 5 ||,|Am . . FM|| CM . . GM || ,$a,Axis-A,6- 4 1 5,D,54f5cc96-7cba-3bad-811f-689ad1f1e35c,Richards
412,Brooks and Dunn ,Red Dirt Road ,2003,$a*4,,"$In, $Ch",,,D,54f5cc96-7cba-3bad-811f-689ad1f1e35c,Richards
412,Brooks and Dunn ,Red Dirt Road ,2003,|6-|3|4|1 5|,|Am|EM|FM|CM GM|,$b,,6- 3 4 1 5,D,54f5cc96-7cba-3bad-811f-689ad1f1e35c,Richards
412,Brooks and Dunn ,Red Dirt Road ,2003,$b*2,,$Vr,,,D,54f5cc96-7cba-3bad-811f-689ad1f1e35c,Richards
412,Brooks and Dunn ,Red Dirt Road ,2003,|4|||3|,|FM|||EM|,$PCh,,4 3,D,54f5cc96-7cba-3bad-811f-689ad1f1e35c,Richards
412,Brooks and Dunn ,Red Dirt Road ,2003,|4||||,|FM||||,$link,Four,4,D,54f5cc96-7cba-3bad-811f-689ad1f1e35c,Richards
412,Brooks and Dunn ,Red Dirt Road ,2003,|2||4 . . 1||2 . . 4||3||,|BbM||FM . . CM||BbM . . FM||EM||,$bridge,,2 4 1 2 4 3,D,54f5cc96-7cba-3bad-811f-689ad1f1e35c,Richards
412,Brooks and Dunn ,Red Dirt Road ,2003,$a*2,,$interlude,,,D,54f5cc96-7cba-3bad-811f-689ad1f1e35c,Richards
412,Brooks and Dunn ,Red Dirt Road ,2003,$a,,$fadeout,,,D,54f5cc96-7cba-3bad-811f-689ad1f1e35c,Richards
253,Lady Gaga ,Alejandro ,2010,$In $In $Vr $PCh $Ch $In $Vr $PCh $Ch $DCh $bridge $bridge $Ch $DCh $Ch,,S,,,C,ac8daee0-b538-428d-bf39-63f519ee7536,Richards
253,Lady Gaga ,Alejandro ,2010,|6-|1|3||,|Bm |DM |F#m||,$a,,6- 1 3,C,ac8daee0-b538-428d-bf39-63f519ee7536,Richards
253,Lady Gaga ,Alejandro ,2010,$a*2,,$In,,,C,ac8daee0-b538-428d-bf39-63f519ee7536,Richards
253,Lady Gaga ,Alejandro ,2010,$a*4,,$Vr,,,C,ac8daee0-b538-428d-bf39-63f519ee7536,Richards
253,Lady Gaga ,Alejandro ,2010,|6-|1|3|R|,|Bm |DM |F#m|R|,$drop,,6- 1 3 R,C,ac8daee0-b538-428d-bf39-63f519ee7536,Richards
253,Lady Gaga ,Alejandro ,2010,$a $drop,,$PCh,,,C,ac8daee0-b538-428d-bf39-63f519ee7536,Richards
253,Lady Gaga ,Alejandro ,2010,|4|1|5|6-|,|GM|DM|AM|Bm|,$b,Axis-F,4 1 5 6-,C,ac8daee0-b538-428d-bf39-63f519ee7536,Richards
253,Lady Gaga ,Alejandro ,2010,$b*4,,"$Ch, $DCh",,,C,ac8daee0-b538-428d-bf39-63f519ee7536,Richards
253,Lady Gaga ,Alejandro ,2010,|4|1|5||,|GM|DM|AM||,$bCad,Closed Double Plagal,4 1 5,C,ac8daee0-b538-428d-bf39-63f519ee7536,Richards
253,Lady Gaga ,Alejandro ,2010,$a*2 $b $bCad,,$bridge,,,C,ac8daee0-b538-428d-bf39-63f519ee7536,Richards
70,Meghan Trainor,All About That Bass,2015,$In $Vr $Ch $In $Vr_2 $Ch $In*2 $outro,,S,,,A,d2245c93-7bf5-4b71-b1f6-7577a3322e3a,Park: MusicID Top 200 (2000-2020)
70,Meghan Trainor,All About That Bass,2015,|1||2-||5||1||,|AM||Bm||EM||AM||,$a,,1 2- 5 1,A,d2245c93-7bf5-4b71-b1f6-7577a3322e3a,Park: MusicID Top 200 (2000-2020)
70,Meghan Trainor,All About That Bass,2015,$a,,"$In, $Vr_2",,,A,d2245c93-7bf5-4b71-b1f6-7577a3322e3a,Park: MusicID Top 200 (2000-2020)
70,Meghan Trainor,All About That Bass,2015,$a*2,,"$Vr, $Ch, $outro",,,A,d2245c93-7bf5-4b71-b1f6-7577a3322e3a,Park: MusicID Top 200 (2000-2020)
254,Janet Jackson,All For You,2010,$In $In_2 $hook $Vr $PCh $hook $Vr $PCh $hook $In_2*2 $hook*2 $outro,,S,,,A,fa260742-606a-4949-9d37-c38eaed69752,Park: MusicID Top 200 (2000-2020)
254,Janet Jackson,All For You,2010,|R||||||||,|R||||||||,$In,Rest,R,A,fa260742-606a-4949-9d37-c38eaed69752,Park: MusicID Top 200 (2000-2020)
254,Janet Jackson,All For You,2010,|6-|1|5|6-|4||5|6-|,|Em|GM|DM|Em|Am||DM|Em|,$a,,6- 1 5 6- 4 5 6-,A,fa260742-606a-4949-9d37-c38eaed69752,Park: MusicID Top 200 (2000-2020)
254,Janet Jackson,All For You,2010,$a*2,,"$hook, $In_2, $Vr, $PCh",,,A,fa260742-606a-4949-9d37-c38eaed69752,Park: MusicID Top 200 (2000-2020)
254,Janet Jackson,All For You,2010,$a*4,,$outro,,,A,fa260742-606a-4949-9d37-c38eaed69752,Park: MusicID Top 200 (2000-2020)
144,Icona Pop,All Night,2013,$In $Vr $PCh $Ch $drop $DCh $Vr $PCh $Ch $In $PCh $drop $DCh*2,,S,,,A,0db25077-cc32-4541-b246-8afb3ae4be06,Peres
144,Icona Pop,All Night,2013,|4|1|6-|5|,AM|EM|C#m|BM|,$a,Four One Six Five,4 1 6- 5,A,0db25077-cc32-4541-b246-8afb3ae4be06,Peres
144,Icona Pop,All Night,2013,$a*2,,"$In, $Vr, $PCh, $Ch, $DCh",,,A,0db25077-cc32-4541-b246-8afb3ae4be06,Peres
144,Icona Pop,All Night,2013,|R||,|R||,$drop,Rest,R,A,0db25077-cc32-4541-b246-8afb3ae4be06,Peres
418,Michelle Branch ,All You Wanted ,2002,$In $Vr $cad1 $Vr $cad2 $Ch $link $Vr $cad3 $bridge $Ch $instr $Ch $link $outro,,S,,,D,9afcd549-fe70-41d5-a928-46d42b0a8ea0,Richards
418,Michelle Branch ,All You Wanted ,2002,|6- 5| 4 1|,|Fm EbM|DbM AbM|,$a,,6- 5 4 1,D,9afcd549-fe70-41d5-a928-46d42b0a8ea0,Richards
418,Michelle Branch ,All You Wanted ,2002,$a*2,,"$In, $Vr",,,D,9afcd549-fe70-41d5-a928-46d42b0a8ea0,Richards
418,Michelle Branch ,All You Wanted ,2002,|7o||,|Go||,$cad1,,7o,D,9afcd549-fe70-41d5-a928-46d42b0a8ea0,Richards
418,Michelle Branch ,All You Wanted ,2002,|7o||5||,|Go||EbM||,$cad2,,7o 5,D,9afcd549-fe70-41d5-a928-46d42b0a8ea0,Richards
418,Michelle Branch ,All You Wanted ,2002,| 6- | 4 | 1 | 5 |,|Fm DbM|AbM EbM|,$b,Axis-A,6- 4 1 5,D,9afcd549-fe70-41d5-a928-46d42b0a8ea0,Richards
418,Michelle Branch ,All You Wanted ,2002,$b*4,,$Ch,,,D,9afcd549-fe70-41d5-a928-46d42b0a8ea0,Richards
418,Michelle Branch ,All You Wanted ,2002,$a,,$link,,,D,9afcd549-fe70-41d5-a928-46d42b0a8ea0,Richards
418,Michelle Branch ,All You Wanted ,2002,|5||,,$cad3,Five,5,D,9afcd549-fe70-41d5-a928-46d42b0a8ea0,Richards
418,Michelle Branch ,All You Wanted ,2002,|4||5||,|Db||EbM||,$c,Plateau Shuttle,4 5,D,9afcd549-fe70-41d5-a928-46d42b0a8ea0,Richards
418,Michelle Branch ,All You Wanted ,2002,|4 1|2- 1|7o||5||,|DbM AbM|Bbm AbM|Go||Eb||,$cCad,,4 1 2- 1 7o 5,D,9afcd549-fe70-41d5-a928-46d42b0a8ea0,Richards
418,Michelle Branch ,All You Wanted ,2002,$c*2 $cCad,,$bridge,,,D,9afcd549-fe70-41d5-a928-46d42b0a8ea0,Richards
418,Michelle Branch ,All You Wanted ,2002,$b*2,,$instr,,,D,9afcd549-fe70-41d5-a928-46d42b0a8ea0,Richards
418,Michelle Branch ,All You Wanted ,2002,|6- 5| 4 |,|Fm EbM|DbM||,$ending_cadence,Plateau: Reverse open passing loop,6- 5 4,D,9afcd549-fe70-41d5-a928-46d42b0a8ea0,Richards
418,Michelle Branch ,All You Wanted ,2002,$a $ending_cadence,,$outro,,,D,9afcd549-fe70-41d5-a928-46d42b0a8ea0,Richards
284,Kelly Clarkson ,Already Gone ,2009,$In $Vr $PCh $Ch $Vr $PCh $Ch $PostCh $link $Vr_2 $Ch $PostCh,,S,,,"C, D",3e4a5070-273f-3fa4-92d5-7720e75a7c5d,Richards
284,Kelly Clarkson ,Already Gone ,2009,,,,,,"C, D",3e4a5070-273f-3fa4-92d5-7720e75a7c5d,Richards
284,Kelly Clarkson ,Already Gone ,2009,|1||5||6-| . 5|4||,|AM||EM||F#m| . EM|DM||,"$a, $Vr_2",,1 5 6- 5 4,"C, D",3e4a5070-273f-3fa4-92d5-7720e75a7c5d,Richards
284,Kelly Clarkson ,Already Gone ,2009,$a*2,,"$In, $Ch, PostCh, $link",,,"C, D",3e4a5070-273f-3fa4-92d5-7720e75a7c5d,Richards
284,Kelly Clarkson ,Already Gone ,2009,|1 || 5 || 6- || 4 ||,|AM||EM||F#m||DM||,$b,Axis-C,1 5 6- 4,"C, D",3e4a5070-273f-3fa4-92d5-7720e75a7c5d,Richards
284,Kelly Clarkson ,Already Gone ,2009,$b*2,,$Vr,,,"C, D",3e4a5070-273f-3fa4-92d5-7720e75a7c5d,Richards
284,Kelly Clarkson ,Already Gone ,2009,|2-||||4||||,|Bm||||DM||||,$PCh,,2- 4,"C, D",3e4a5070-273f-3fa4-92d5-7720e75a7c5d,Richards
501,Erasure ,Always ,1994,$In $Vr $PCh $Ch $link $Vr $PCh $Ch $bridge $PCh $Ch*3,,S,,,D,4f27c607-59b5-3a49-888d-8ff6604b0301,Richards
501,Erasure ,Always ,1994,|b7||2-||,|EbM||Gm||,$a,,b7 2-,D,4f27c607-59b5-3a49-888d-8ff6604b0301,Richards
501,Erasure ,Always ,1994,$a*4,,$In,,,D,4f27c607-59b5-3a49-888d-8ff6604b0301,Richards
501,Erasure ,Always ,1994,|6-| . 5|1| . 5|,|Dm| . CM|FM| . CM|,$b,,6- 5 1 5,D,4f27c607-59b5-3a49-888d-8ff6604b0301,Richards
501,Erasure ,Always ,1994,$b*4 ,,$Vr,,,D,4f27c607-59b5-3a49-888d-8ff6604b0301,Richards
501,Erasure ,Always ,1994,|6-||3-||5||4||1||5||6-||4||,|Dm||Am||CM||BbM||FM||CM||Dm||BbM||,$PCh,,6- 3- 5 4 1 5 6- 4,D,4f27c607-59b5-3a49-888d-8ff6604b0301,Richards
501,Erasure ,Always ,1994,|1||3-||5||4 . . 6- . . 5 .|,FM||Am||CM||BbM . . Dm . . CM . |,$c,,1 3- 5 4 6- 5,D,4f27c607-59b5-3a49-888d-8ff6604b0301,Richards
501,Erasure ,Always ,1994,$c*2,,$Ch,,,D,4f27c607-59b5-3a49-888d-8ff6604b0301,Richards
501,Erasure ,Always ,1994,$a*2,,$link,,,D,4f27c607-59b5-3a49-888d-8ff6604b0301,Richards
501,Erasure ,Always ,1994,$b*2,,$bridge,,,D,4f27c607-59b5-3a49-888d-8ff6604b0301,Richards
438,Ja Rule & Ashanti,Always On Time,2001,$In $hook $Vr $hook $Vr $hook $Vr_2 $hook $outro,,S,,,A,8f76908b-7cf8-4420-8c41-bf82d5417849,Park: MusicID Top 200 (2000-2020)
438,Ja Rule & Ashanti,Always On Time,2001,|6-||||2-||3-||,|Cm||||Fm||Gm||,$a,,6- 2- 3-,A,8f76908b-7cf8-4420-8c41-bf82d5417849,Park: MusicID Top 200 (2000-2020)
438,Ja Rule & Ashanti,Always On Time,2001,$a*2,,"$In, $hook, $outro",,,A,8f76908b-7cf8-4420-8c41-bf82d5417849,Park: MusicID Top 200 (2000-2020)
438,Ja Rule & Ashanti,Always On Time,2001,$a*4,,"$Vr, $Vr_2",,,A,8f76908b-7cf8-4420-8c41-bf82d5417849,Park: MusicID Top 200 (2000-2020)
113,Kenny Chesney ,American Kids ,2014,$In_a $In_b $Vr $PCh_1 $Ch $PostCh $link $Vr PCh_2 $Ch $PostCh $Instr $Ch $PostCh,,S,,,"C, D",46dfa792-9e2f-4283-ab7b-c2300a99820b,Richards
113,Kenny Chesney ,American Kids ,2014,|6- 3- |4 . . 1 | . . 5 . |,|Em Bm| CM . . GM | . .  DM . |,$a,,6- 3- 4 1 5,"C, D",46dfa792-9e2f-4283-ab7b-c2300a99820b,Richards
113,Kenny Chesney ,American Kids ,2014,|6- 3- |4 ||,|Em Bm| CM ||,$aCad,,6- 3- 4,"C, D",46dfa792-9e2f-4283-ab7b-c2300a99820b,Richards
113,Kenny Chesney ,American Kids ,2014,|1|3-|6-|4-|,|GM|Bm|Em|CM|,$b,,1 3- 6- 4-,"C, D",46dfa792-9e2f-4283-ab7b-c2300a99820b,Richards
113,Kenny Chesney ,American Kids ,2014,|R||||,|R||||,$In_a,Rest,R,"C, D",46dfa792-9e2f-4283-ab7b-c2300a99820b,Richards
113,Kenny Chesney ,American Kids ,2014,$a*4,,"$In_b, $Vr",,,"C, D",46dfa792-9e2f-4283-ab7b-c2300a99820b,Richards
113,Kenny Chesney ,American Kids ,2014,$b*4,,$Ch,,,"C, D",46dfa792-9e2f-4283-ab7b-c2300a99820b,Richards
113,Kenny Chesney ,American Kids ,2014,$a*3 |R|||,,$PostCh,,,"C, D",46dfa792-9e2f-4283-ab7b-c2300a99820b,Richards
113,Kenny Chesney ,American Kids ,2014,$a*2,,$link,,,"C, D",46dfa792-9e2f-4283-ab7b-c2300a99820b,Richards
113,Kenny Chesney ,American Kids ,2014,|4||||,|CM||||,$turnaround,Four,4,"C, D",46dfa792-9e2f-4283-ab7b-c2300a99820b,Richards
113,Kenny Chesney ,American Kids ,2014,$a*3 $aCad,,$PCh_1,,,"C, D",46dfa792-9e2f-4283-ab7b-c2300a99820b,Richards
113,Kenny Chesney ,American Kids ,2014,$a*3 $turnaround,,$PCh_2,,,"C, D",46dfa792-9e2f-4283-ab7b-c2300a99820b,Richards
113,Kenny Chesney ,American Kids ,2014,|6-||||,|Em||||,$turnaround_2,Six,6-,"C, D",46dfa792-9e2f-4283-ab7b-c2300a99820b,Richards
113,Kenny Chesney ,American Kids ,2014,$a*3 $turnaround_2,,$instr,,,"C, D",46dfa792-9e2f-4283-ab7b-c2300a99820b,Richards
71,Rihanna,American Oxygen,2015,$hook $link $Vr $hook $DCh $Vr $hook $PostCh $Instr $hook $DCh $outro,,S,,,C,6df7c2cd-ed16-462b-8039-64a6258c4aff,Peres
71,Rihanna,American Oxygen,2015,|6- 5 1 . |3-|2- 5 3- 4||,|Bm AM DM . |F#m|Em AM F#m GM||,$a,,6- 5 1 3- 2- 5 3- 4,C,6df7c2cd-ed16-462b-8039-64a6258c4aff,Peres
71,Rihanna,American Oxygen,2015,$a*4,,"$hook, $DCh, $PostCh, $instr",,,C,6df7c2cd-ed16-462b-8039-64a6258c4aff,Peres
71,Rihanna,American Oxygen,2015,|6- 1 3- . |. . 4 5|6-|,|Bm DM F#m . |. . GM AM|Bm|,$b,,6- 1 3- 4 5 6-,C,6df7c2cd-ed16-462b-8039-64a6258c4aff,Peres
71,Rihanna,American Oxygen,2015,|R||||,,"$link, $outro",Rest,R,C,6df7c2cd-ed16-462b-8039-64a6258c4aff,Peres
71,Rihanna,American Oxygen,2015,$b*4,,$Vr,,,C,6df7c2cd-ed16-462b-8039-64a6258c4aff,Peres
114,5 Seconds of Summer,Amnesia ,2014,$In $Vr_a $Vr_b $drop $Ch $Vr_a $Vr_b $drop $Ch $bridge $Ch $outro,,S,,,D,e2e4dfea-727b-4d17-8ab9-de98bcb82c1d,Richards
114,5 Seconds of Summer,Amnesia ,2014,|1 | 4 |,|DM | GM |,$a,Ionian-plagal,1 4,D,e2e4dfea-727b-4d17-8ab9-de98bcb82c1d,Richards
114,5 Seconds of Summer,Amnesia ,2014,$a*2,,$In,,,D,e2e4dfea-727b-4d17-8ab9-de98bcb82c1d,Richards
114,5 Seconds of Summer,Amnesia ,2014,|2- . . 1|4|,|Em . . DM | GM |,$a_cad,,2- 1 4,D,e2e4dfea-727b-4d17-8ab9-de98bcb82c1d,Richards
114,5 Seconds of Summer,Amnesia ,2014,$a*2 $a_cad,,$Vr_a,,,D,e2e4dfea-727b-4d17-8ab9-de98bcb82c1d,Richards
114,5 Seconds of Summer,Amnesia ,2014,$a*2 $a_cad*2,,$Vr_b,,,D,e2e4dfea-727b-4d17-8ab9-de98bcb82c1d,Richards
114,5 Seconds of Summer,Amnesia ,2014,|R|,|R|,$drop,Rest,R,D,e2e4dfea-727b-4d17-8ab9-de98bcb82c1d,Richards
114,5 Seconds of Summer,Amnesia ,2014,| 1 | 5 | 6- | 4 |,|DM|AM|Bm|GM|,$b,Axis-C,1 5 6- 4,D,e2e4dfea-727b-4d17-8ab9-de98bcb82c1d,Richards
114,5 Seconds of Summer,Amnesia ,2014,$b*4,,$Ch,,,D,e2e4dfea-727b-4d17-8ab9-de98bcb82c1d,Richards
114,5 Seconds of Summer,Amnesia ,2014,|5| 6-| 4| 1|,|AM|Bm|GM|DM|,$bridge,Axis-G,5 6- 4 1,D,e2e4dfea-727b-4d17-8ab9-de98bcb82c1d,Richards
114,5 Seconds of Summer,Amnesia ,2014,$a*4,,$outro,,,D,e2e4dfea-727b-4d17-8ab9-de98bcb82c1d,Richards
308,Shaggy,Angel,2008,$In $hook $Vr $hook $Vr $hook $Vr $Vr $hook*2 $outro,,S,,,A,f1622f94-49d9-4778-9c90-349aace569f7,Park: MusicID Top 200 (2000-2020)
308,Shaggy,Angel,2008,|1| 4 |5 | 4 . 1 5|,|GM | CM |DM | CM . GM DM|,$a,,1 4 5 4 1 5,A,f1622f94-49d9-4778-9c90-349aace569f7,Park: MusicID Top 200 (2000-2020)
308,Shaggy,Angel,2008,$a*4,,"$In, $hook, $Vr",,,A,f1622f94-49d9-4778-9c90-349aace569f7,Park: MusicID Top 200 (2000-2020)
308,Shaggy,Angel,2008,$a $ending_cadence,,$outro,,,A,f1622f94-49d9-4778-9c90-349aace569f7,Park: MusicID Top 200 (2000-2020)
308,Shaggy,Angel,2008,|1|,|GM|,$ending_cadence,One,1,A,f1622f94-49d9-4778-9c90-349aace569f7,Park: MusicID Top 200 (2000-2020)
336,Timbaland feat. OneRepublic ,Apologize ,2007,$In $Vr $PCh $Ch $PostCh $Vr $PCh $Ch $PostCh $Ch*2 ,,S,,,B,8583154f-e5a5-4247-879e-52937d2d3238,"Richards, Park: MusicID Top 200 (2000-2020)"
336,Timbaland feat. OneRepublic ,Apologize ,2007,|6-|4|1|5|,|Cm|AbM|EbM|BbM|,$a,Axis-A,6- 4 1 5,B,8583154f-e5a5-4247-879e-52937d2d3238,"Richards, Park: MusicID Top 200 (2000-2020)"
336,Timbaland feat. OneRepublic ,Apologize ,2007,$a*2,,"$In, $Vr, $PostCh, $Ch",,,B,8583154f-e5a5-4247-879e-52937d2d3238,"Richards, Park: MusicID Top 200 (2000-2020)"
336,Timbaland feat. OneRepublic ,Apologize ,2007,$a $drop,,$PCh,,,B,8583154f-e5a5-4247-879e-52937d2d3238,"Richards, Park: MusicID Top 200 (2000-2020)"
336,Timbaland feat. OneRepublic ,Apologize ,2007,|6-|4|1|R|,|Cm|AbM|EbM|R|,$drop,,6- 4 1 R,B,8583154f-e5a5-4247-879e-52937d2d3238,"Richards, Park: MusicID Top 200 (2000-2020)"
336,Timbaland feat. OneRepublic ,Apologize ,2007,|6-|4|1||,|Cm|AbM|EbM||,$ending_cadence,Six Four One Rest,6- 4 1,B,8583154f-e5a5-4247-879e-52937d2d3238,"Richards, Park: MusicID Top 200 (2000-2020)"
461,BBMak ,Back Here ,2000,$In $Vr $PCh $Ch $Vr $PCh $Ch $Ch_cad $bridge $PCh $instr $Ch $b $Ch $Ch_b $fadeout,,S,,,D,8ead64ce-563c-4ef8-aa0d-d3e4e2253a9a,Richards
461,BBMak ,Back Here ,2000,| 6- | 4 | 5 | 1 |,|Fm|DbM|EbM|AbM|,$a,,6- 4 5 1,D,8ead64ce-563c-4ef8-aa0d-d3e4e2253a9a,Richards
461,BBMak ,Back Here ,2000,$a*2,|Fm||||,$In,,,D,8ead64ce-563c-4ef8-aa0d-d3e4e2253a9a,Richards
461,BBMak ,Back Here ,2000,|4 . . 1||5 . . 6-||4||5||,|DbM . . AbM||EbM . . Fm||DbM|EbM|,$PCh,,4 1 5 6- 4 5,D,8ead64ce-563c-4ef8-aa0d-d3e4e2253a9a,Richards
461,BBMak ,Back Here ,2000,$a*2,,$Vr,,,D,8ead64ce-563c-4ef8-aa0d-d3e4e2253a9a,Richards
461,BBMak ,Back Here ,2000,|4|1|5|6-|,|DbM |AbM|EbM |Fm|,$b,Axis-F,4 1 5 6-,D,8ead64ce-563c-4ef8-aa0d-d3e4e2253a9a,Richards
461,BBMak ,Back Here ,2000,$b*4,,"$Ch, $fadeout",,,D,8ead64ce-563c-4ef8-aa0d-d3e4e2253a9a,Richards
461,BBMak ,Back Here ,2000,|4|1|5||1||,|DbM |AbM|EbM ||AbM||,$Ch_cad,,4 1 5 1,D,8ead64ce-563c-4ef8-aa0d-d3e4e2253a9a,Richards
461,BBMak ,Back Here ,2000,|2-||||6-||5||,|Bbm||||Fm||EbM||,$c,,2- 6- 5,D,8ead64ce-563c-4ef8-aa0d-d3e4e2253a9a,Richards
461,BBMak ,Back Here ,2000,$c*2,,$bridge,,,D,8ead64ce-563c-4ef8-aa0d-d3e4e2253a9a,Richards
461,BBMak ,Back Here ,2000,$b*2,,$instr,,,D,8ead64ce-563c-4ef8-aa0d-d3e4e2253a9a,Richards
222,Taylor Swift ,Back to December ,2011,$In $Vr $PCh $Ch $Ch_cad $link $Vr $PCh $Ch $Ch_cad $bridge $link $Ch $Ch_cad*2 $outro,,,,,D,228cd62c-2a8f-3aa9-b4d4-6d4ee76f5daf,Richards
222,Taylor Swift ,Back to December ,2011,|1||6- . . 4||,|DM||Bm . . GM||,$a,,1 6- 4,D,228cd62c-2a8f-3aa9-b4d4-6d4ee76f5daf,Richards
222,Taylor Swift ,Back to December ,2011,|1||6-||4||1|5|,|DM||Bm||GM||DM|AM|,$b,,1 6- 4 1 5,D,228cd62c-2a8f-3aa9-b4d4-6d4ee76f5daf,Richards
222,Taylor Swift ,Back to December ,2011,$a*2,,"$In, $link, $instr, $outro",,,D,228cd62c-2a8f-3aa9-b4d4-6d4ee76f5daf,Richards
222,Taylor Swift ,Back to December ,2011,$b*2,,$Vr,,,D,228cd62c-2a8f-3aa9-b4d4-6d4ee76f5daf,Richards
222,Taylor Swift ,Back to December ,2011,|6-|5|1|4|6-|5|4||,|Bm|AM|DM|GM|Bm|AM|GM||,$PCh,,6- 5 1 4 6- 5 4,D,228cd62c-2a8f-3aa9-b4d4-6d4ee76f5daf,Richards
222,Taylor Swift ,Back to December ,2011,|1||3-||4||1|5|,|DM||F#m||GM||DM|AM|,$c,,1 3- 4 1 5,D,228cd62c-2a8f-3aa9-b4d4-6d4ee76f5daf,Richards
222,Taylor Swift ,Back to December ,2011,$c*2,,$Ch,,,D,228cd62c-2a8f-3aa9-b4d4-6d4ee76f5daf,Richards
222,Taylor Swift ,Back to December ,2011,|4||6-|5|,|GM||Bm|AM|,$Ch_cad,Plateau: open neighboring loop,4 6- 5,D,228cd62c-2a8f-3aa9-b4d4-6d4ee76f5daf,Richards
222,Taylor Swift ,Back to December ,2011,|6-|4|1|5|,|Bm|GM|DM|AM|,$d,Axis-A,6- 4 1 5,D,228cd62c-2a8f-3aa9-b4d4-6d4ee76f5daf,Richards
222,Taylor Swift ,Back to December ,2011,|6-||4||1||5||,|Bm||GM||DM||AM||,$d_cad,Axis-A,6- 4 1 5,D,228cd62c-2a8f-3aa9-b4d4-6d4ee76f5daf,Richards
222,Taylor Swift ,Back to December ,2011,$d*2 $d_cad,,$bridge,,,D,228cd62c-2a8f-3aa9-b4d4-6d4ee76f5daf,Richards
222,Taylor Swift ,Back to December ,2011,|6-|5|4||6-|7o|1||,|Bm|AM|GM||Bm|C#o|DM||,$link,,6- 5 4 6- 7o 1,D,228cd62c-2a8f-3aa9-b4d4-6d4ee76f5daf,Richards
72,Robin Thicke featuring Nicky Minaj,Back Together,2015,$In $Vr $PCh $Ch $DCh $Vr $PCh $Ch $DCh $bridge $Ch $DCh*2,,S,,,B-CLP,cbf8a17e-0e09-4c70-aa6e-4488ffe64982,Peres
72,Robin Thicke featuring Nicky Minaj,Back Together,2015,|4|5|3-|6-|4|5|2-||,|GM |AM |F#m |BM|GM |AM |Em||,"$Vr, $PCh, $Ch, $DCh",,4 5 3- 6- 4 5 2-,B-CLP,cbf8a17e-0e09-4c70-aa6e-4488ffe64982,Peres
72,Robin Thicke featuring Nicky Minaj,Back Together,2015,|6-|4 5 . .|,|Bm|GM AM . .|,$b,Plateau: lower incomplete neighbor,6- 4 5,B-CLP,cbf8a17e-0e09-4c70-aa6e-4488ffe64982,Peres
72,Robin Thicke featuring Nicky Minaj,Back Together,2015,|6-||||||||||||||||,|Bm||||||||||||||||,$bridge,Six,6-,B-CLP,cbf8a17e-0e09-4c70-aa6e-4488ffe64982,Peres
72,Robin Thicke featuring Nicky Minaj,Back Together,2015,$b*4 ,,$In,,,B-CLP,cbf8a17e-0e09-4c70-aa6e-4488ffe64982,Peres
73,Taylor Swift feat. Kendrick Lamar ,Bad Blood ,2015,$hook*2 $Vr $PCh $hook $hook_2 $Vr $PCh $hook $hook_2 $bridge $hook_3,,S,,,B,c23570a3-467c-4ee8-80ff-0a04b339e844,Richards
73,Taylor Swift feat. Kendrick Lamar ,Bad Blood ,2015,|R||||||||,|R||||||||,$hook,Rest,R,B,c23570a3-467c-4ee8-80ff-0a04b339e844,Richards
73,Taylor Swift feat. Kendrick Lamar ,Bad Blood ,2015,|4 . . 1||5 . . 6-||,|CM . . GM||DM . . Em||,"$a, $hook_2",Axis-F,4 1 5 6-,B,c23570a3-467c-4ee8-80ff-0a04b339e844,Richards
73,Taylor Swift feat. Kendrick Lamar ,Bad Blood ,2015,$a*4,,"$Vr, $hook_3",,,B,c23570a3-467c-4ee8-80ff-0a04b339e844,Richards
73,Taylor Swift feat. Kendrick Lamar ,Bad Blood ,2015,|4 . . 1||5||,|CM . . GM||DM||,$aCad,Closed Double Plagal,4 1 5,B,c23570a3-467c-4ee8-80ff-0a04b339e844,Richards
73,Taylor Swift feat. Kendrick Lamar ,Bad Blood ,2015,$a $aCad,,$PCh,,,B,c23570a3-467c-4ee8-80ff-0a04b339e844,Richards
73,Taylor Swift feat. Kendrick Lamar ,Bad Blood ,2015,$a*2 $aCad ,,$bridge,,,B,c23570a3-467c-4ee8-80ff-0a04b339e844,Richards
73,Taylor Swift feat. Kendrick Lamar ,Bad Blood ,2015,|R||,|R||,$ending_cadence,Rest,R,B,c23570a3-467c-4ee8-80ff-0a04b339e844,Richards
5,Billie Eillish,Bad Guy,2019,$In $Vr $PCh $drop $Ch $Vr_b $PCh $Ch*2n $outro,,S,,,B,06c9031d-476f-4d08-be46-72fc581cbe6a,Park: MusicID Top 200 (2000-2020)
5,Billie Eillish,Bad Guy,2019,|6-||||2-||3||,|Gm||||Cm||DM||,"$a, $In, $PCh, $Ch",,6- 2- 3-,B,06c9031d-476f-4d08-be46-72fc581cbe6a,Park: MusicID Top 200 (2000-2020)
5,Billie Eillish,Bad Guy,2019,$a*2,,$Vr,,,B,06c9031d-476f-4d08-be46-72fc581cbe6a,Park: MusicID Top 200 (2000-2020)
5,Billie Eillish,Bad Guy,2019,|R||||,|R||||,$drop,Rest,R,B,06c9031d-476f-4d08-be46-72fc581cbe6a,Park: MusicID Top 200 (2000-2020)
5,Billie Eillish,Bad Guy,2019,|R||||||||,|R||||||||,$b,Rest,R,B,06c9031d-476f-4d08-be46-72fc581cbe6a,Park: MusicID Top 200 (2000-2020)
5,Billie Eillish,Bad Guy,2019,$b $a,,$Vr_b,,,B,06c9031d-476f-4d08-be46-72fc581cbe6a,Park: MusicID Top 200 (2000-2020)
5,Billie Eillish,Bad Guy,2019,|6-||||,|Gm||||,$c,Six,6-,B,06c9031d-476f-4d08-be46-72fc581cbe6a,Park: MusicID Top 200 (2000-2020)
5,Billie Eillish,Bad Guy,2019,$c*5 $drop $c*4,,$outro,,,B,06c9031d-476f-4d08-be46-72fc581cbe6a,Park: MusicID Top 200 (2000-2020)
285,Lady Gaga,Bad Romance,2009,$Ch $hook $Vr*2 $PCh $Ch $hook $Vr*2 $Ch $hook $link $bridge $Ch $outro,,S,,,"B-CLP, C-CLP",5c75efc-1d86-3cf6-868c-76fbcd940a76,Peres
285,Lady Gaga,Bad Romance,2009,|4|5|6-|1|4|5|3|6-|,|FM|GM|Am|CM|FM|GM|EM|Am|,$a,,4 5 6- 1 4 5 3 6-,"B-CLP, C-CLP",5c75efc-1d86-3cf6-868c-76fbcd940a76,Peres
285,Lady Gaga,Bad Romance,2009,|6-||1|4|6-||1|5|,|Am||CM|FM|Am||CM|GM|,$b,,6- 1 4 6- 1 5,"B-CLP, C-CLP",5c75efc-1d86-3cf6-868c-76fbcd940a76,Peres
285,Lady Gaga,Bad Romance,2009,$a*2,,"$Ch, $bridge",,,"B-CLP, C-CLP",5c75efc-1d86-3cf6-868c-76fbcd940a76,Peres
285,Lady Gaga,Bad Romance,2009,|6-||||||5||,|Am||||||GM||,$c,,6- 5,"B-CLP, C-CLP",5c75efc-1d86-3cf6-868c-76fbcd940a76,Peres
285,Lady Gaga,Bad Romance,2009,$c*2,,"$hook, $link",,,"B-CLP, C-CLP",5c75efc-1d86-3cf6-868c-76fbcd940a76,Peres
285,Lady Gaga,Bad Romance,2009,$b*2,,$Vr,,,"B-CLP, C-CLP",5c75efc-1d86-3cf6-868c-76fbcd940a76,Peres
285,Lady Gaga,Bad Romance,2009,|6-||||||R||,|Am||||||R||,$PCh,,6- R,"B-CLP, C-CLP",5c75efc-1d86-3cf6-868c-76fbcd940a76,Peres
285,Lady Gaga,Bad Romance,2009,|R||||||||,|R||||||||,$outro,Rest,R,"B-CLP, C-CLP",5c75efc-1d86-3cf6-868c-76fbcd940a76,Peres
115,Enrique Iglesias feat. Descemer Bueno and Gente de Zona ,Bailando ,2014,$In $Vr $PCh $Ch $DCh $PostCh $Vr $PCh $Ch $DCh $bridge $outro,,S,,,"B-CLP, C-CLP",47d2f937-92c6-4039-944e-720c41baf3e4,Richards
115,Enrique Iglesias feat. Descemer Bueno and Gente de Zona ,Bailando ,2014,|6-||4||1||5||,|Em||CM||GM||DM||,$a,Axis-A,6- 4 1 5,"B-CLP, C-CLP",47d2f937-92c6-4039-944e-720c41baf3e4,Richards
115,Enrique Iglesias feat. Descemer Bueno and Gente de Zona ,Bailando ,2014,|6-||4||1||5 |R|,|Em||CM||GM||DM|R|,"$a_cad, $PostCh",,6- 4 1 5 R,"B-CLP, C-CLP",47d2f937-92c6-4039-944e-720c41baf3e4,Richards
115,Enrique Iglesias feat. Descemer Bueno and Gente de Zona ,Bailando ,2014,$a $a_cad,,"$In, $DCh, $bridge",,,"B-CLP, C-CLP",47d2f937-92c6-4039-944e-720c41baf3e4,Richards
115,Enrique Iglesias feat. Descemer Bueno and Gente de Zona ,Bailando ,2014,$a*2,,"$Vr, $Ch",,,"B-CLP, C-CLP",47d2f937-92c6-4039-944e-720c41baf3e4,Richards
115,Enrique Iglesias feat. Descemer Bueno and Gente de Zona ,Bailando ,2014,|2-||4||6-||5||,|Am||CM||Em||DM||,$b,Get Lucky,2- 4 6- 5,"B-CLP, C-CLP",47d2f937-92c6-4039-944e-720c41baf3e4,Richards
115,Enrique Iglesias feat. Descemer Bueno and Gente de Zona ,Bailando ,2014,|2-||4||6-||5|4|,|Am||CM||Em||DM|CM|,$b_cad,,2- 4 6- 5 4,"B-CLP, C-CLP",47d2f937-92c6-4039-944e-720c41baf3e4,Richards
115,Enrique Iglesias feat. Descemer Bueno and Gente de Zona ,Bailando ,2014,$b $b_cad,,$PCh,,,"B-CLP, C-CLP",47d2f937-92c6-4039-944e-720c41baf3e4,Richards
115,Enrique Iglesias feat. Descemer Bueno and Gente de Zona ,Bailando ,2014,|2-||||,|Em||||,$ending_cadence,,2-,"B-CLP, C-CLP",47d2f937-92c6-4039-944e-720c41baf3e4,Richards
115,Enrique Iglesias feat. Descemer Bueno and Gente de Zona ,Bailando ,2014,$a $ending_cadence,,$outro,,,"B-CLP, C-CLP",47d2f937-92c6-4039-944e-720c41baf3e4,Richards
117,Lady Antebellum ,Bartender ,2014,$In $Vr_a $Vr_b $Ch $link $Vr_c $Ch $link $bridge $instr $Ch_b $outro,,S,,,D,4983ed7d-c03b-407a-9971-9b09618f50e5,Richards
117,Lady Antebellum ,Bartender ,2014,|6-| . 2- 3- 5 |6-| . 5 . .|,|Bm|. Em F#m AM|Bm| . AM . . |,"$a, $link",,6- 2- 3- 5 6- 5,D,4983ed7d-c03b-407a-9971-9b09618f50e5,Richards
117,Lady Antebellum ,Bartender ,2014,|4||5||,|GM||AM||,$a_cad1,Plateau Shuttle,4 5,D,4983ed7d-c03b-407a-9971-9b09618f50e5,Richards
117,Lady Antebellum ,Bartender ,2014,$a*2,,"$In, $outro",,,D,4983ed7d-c03b-407a-9971-9b09618f50e5,Richards
117,Lady Antebellum ,Bartender ,2014,|4||3||,|GM||F#M||,$a_turnaround,,4 3,D,4983ed7d-c03b-407a-9971-9b09618f50e5,Richards
117,Lady Antebellum ,Bartender ,2014,$a*2 $a_cad1,,$Vr_a,,,D,4983ed7d-c03b-407a-9971-9b09618f50e5,Richards
117,Lady Antebellum ,Bartender ,2014,$a*2 $a_turnaround,,$Vr_b,,,D,4983ed7d-c03b-407a-9971-9b09618f50e5,Richards
117,Lady Antebellum ,Bartender ,2014,|4||1||5||6- . . 5|,|GM||DM||AM||Bm . . AM|,$b,,4 1 5 6- 5,D,4983ed7d-c03b-407a-9971-9b09618f50e5,Richards
117,Lady Antebellum ,Bartender ,2014,|4||1||5||3||,|GM||DM||AM||F#M||,$b_cad,,4 1 5 3,D,4983ed7d-c03b-407a-9971-9b09618f50e5,Richards
117,Lady Antebellum ,Bartender ,2014,|4||6-||5||R||,|GM||BM||AM||R||,$b_turnaround,,4 6- 5 R,D,4983ed7d-c03b-407a-9971-9b09618f50e5,Richards
117,Lady Antebellum ,Bartender ,2014,$b $b_cad $b_turnaround,,$Ch,,,D,4983ed7d-c03b-407a-9971-9b09618f50e5,Richards
117,Lady Antebellum ,Bartender ,2014,|4||5||4||3||||,|GM||AM||GM||F#M||||,$a_cad2,,4 5 4 3,D,4983ed7d-c03b-407a-9971-9b09618f50e5,Richards
117,Lady Antebellum ,Bartender ,2014,$a*2 $a_cad2,,$Vr_c,,,D,4983ed7d-c03b-407a-9971-9b09618f50e5,Richards
117,Lady Antebellum ,Bartender ,2014,|6-|||R|,|Bm|||R|,$bridge,,6- R,D,4983ed7d-c03b-407a-9971-9b09618f50e5,Richards
117,Lady Antebellum ,Bartender ,2014,$b $b_cad,,$instr,,,D,4983ed7d-c03b-407a-9971-9b09618f50e5,Richards
117,Lady Antebellum ,Bartender ,2014,|4||6-||5||2-||,|GM||BM||AM||Em|||,$b_turnaround2,,4 6- 5 2-,D,4983ed7d-c03b-407a-9971-9b09618f50e5,Richards
117,Lady Antebellum ,Bartender ,2014,$b $b_cad $b_turnaround2,,$Ch_b,,,D,4983ed7d-c03b-407a-9971-9b09618f50e5,Richards
286,Jordin Sparks ,Battlefield ,2009,$In $Vr $PCh $Ch $DCh $Vr_b $PCh $Ch $DCh $PostCh $bridge $DCh_b $Ch $DCh $Ch $outro,,S,,,D,1ca64a3d-7d60-4d2a-86d1-5ce0928cff5e,Richards
286,Jordin Sparks ,Battlefield ,2009,|R||||,IR||||,$In,Rest,R,D,1ca64a3d-7d60-4d2a-86d1-5ce0928cff5e,Richards
286,Jordin Sparks ,Battlefield ,2009,|6-||5|3-|,|Em||DM|Bm|,$a,,6- 5 3-,D,1ca64a3d-7d60-4d2a-86d1-5ce0928cff5e,Richards
286,Jordin Sparks ,Battlefield ,2009,$a*4,,$Vr,,,D,1ca64a3d-7d60-4d2a-86d1-5ce0928cff5e,Richards
286,Jordin Sparks ,Battlefield ,2009,|2-|1|5||,|Am|GM|DM||,$c,,2- 1 5,D,1ca64a3d-7d60-4d2a-86d1-5ce0928cff5e,Richards
286,Jordin Sparks ,Battlefield ,2009,$c*2,,$PCh,,,D,1ca64a3d-7d60-4d2a-86d1-5ce0928cff5e,Richards
286,Jordin Sparks ,Battlefield ,2009,|4|1|5|6- 5|,|CM|GM|DM|Em DM|,"$d, $fadeout",,4 1 5 6- 5,D,1ca64a3d-7d60-4d2a-86d1-5ce0928cff5e,Richards
286,Jordin Sparks ,Battlefield ,2009,$d*2,,$Ch,,,D,1ca64a3d-7d60-4d2a-86d1-5ce0928cff5e,Richards
286,Jordin Sparks ,Battlefield ,2009,|4|1|5||,|CM|GM|DM||,$d_turnaround,Closed Double Plagal,4 1 5,D,1ca64a3d-7d60-4d2a-86d1-5ce0928cff5e,Richards
286,Jordin Sparks ,Battlefield ,2009,$d $d_cad,,"$DCh, $PostCh",,,D,1ca64a3d-7d60-4d2a-86d1-5ce0928cff5e,Richards
286,Jordin Sparks ,Battlefield ,2009,$a*2,,$Vr_b,,,D,1ca64a3d-7d60-4d2a-86d1-5ce0928cff5e,Richards
286,Jordin Sparks ,Battlefield ,2009,|2-| 5| 1| 4| 7o| #6- |3 ||,|Am| DM| GM| CM| F#o| D#m |BM ||,$bridge,,2- 5 1 4 7o #6- 3,D,1ca64a3d-7d60-4d2a-86d1-5ce0928cff5e,Richards
286,Jordin Sparks ,Battlefield ,2009,|R||||||||,|R||||||||,$DCh_b,Rest,R,D,1ca64a3d-7d60-4d2a-86d1-5ce0928cff5e,Richards
286,Jordin Sparks ,Battlefield ,2009,$d*6 $fadeout,,$outro,,,D,1ca64a3d-7d60-4d2a-86d1-5ce0928cff5e,Richards
439,3 Doors Down,Be Like That ,2001,$In $Vr $Ch $link $Vr $Ch $PostCh $Vr $Ch*2,,S,,,D,9acbe115-cdf5-4cf8-968c-27ef118c631d,Richards
439,3 Doors Down,Be Like That ,2001,|1| 5| 6-| 4|,|GM|DM|Em|CM|,$a,Axis-C,1 5 6- 4,D,9acbe115-cdf5-4cf8-968c-27ef118c631d,Richards
439,3 Doors Down,Be Like That ,2001,$a*2,,$In,,,D,9acbe115-cdf5-4cf8-968c-27ef118c631d,Richards
439,3 Doors Down,Be Like That ,2001,$a*4,,$Vr,,,D,9acbe115-cdf5-4cf8-968c-27ef118c631d,Richards
439,3 Doors Down,Be Like That ,2001,|2-|4|1||,|Am|CM|GM||,$b,,2- 4 1,D,9acbe115-cdf5-4cf8-968c-27ef118c631d,Richards
439,3 Doors Down,Be Like That ,2001,|2-|4|1|3- 4|,|Am|CM|GM|Bm CM|,$b_cad,,2- 4 1 3- 4,D,9acbe115-cdf5-4cf8-968c-27ef118c631d,Richards
439,3 Doors Down,Be Like That ,2001,$b $b_cad,,$PostCh,,,D,9acbe115-cdf5-4cf8-968c-27ef118c631d,Richards
439,3 Doors Down,Be Like That ,2001,|6-|4|,|Em|CM|,$c,Aeolian-Lydian Plateau Shuttle,6- 4,D,9acbe115-cdf5-4cf8-968c-27ef118c631d,Richards
439,3 Doors Down,Be Like That ,2001,|1||||,|GM||||,$ending_cadence,One,1,D,9acbe115-cdf5-4cf8-968c-27ef118c631d,Richards
439,3 Doors Down,Be Like That ,2001,$c*3 $ending_cadence,,$outro,,,D,9acbe115-cdf5-4cf8-968c-27ef118c631d,Richards
287,Akon feat. Colby O'Donis and Kardinal Offishall ,Beautiful ,2009,$In $Vr $PCh $Ch $DCh $PostCh $Vr $PCh $Ch $DCh $PostCh $bridge $Ch $DCh $PostCh $Vr $PCh $Ch $DCh $PostCh $outro,,S,,,A,2a6bca35-6789-4121-99d1-638f683c28b8,Richards
287,Akon feat. Colby O'Donis and Kardinal Offishall ,Beautiful ,2009,|6- . . 4||1 . . 5||,|Cm . . AbM||EbM . . BbM||,$a,Axis-A,6- 4 1 5,A,2a6bca35-6789-4121-99d1-638f683c28b8,Richards
287,Akon feat. Colby O'Donis and Kardinal Offishall ,Beautiful ,2009,$a*2,,"$In, $Vr, $PCh, $Ch, $DCh, $PostCh, $outro",,,A,2a6bca35-6789-4121-99d1-638f683c28b8,Richards
287,Akon feat. Colby O'Donis and Kardinal Offishall ,Beautiful ,2009,$a*4,,$bridge,,,A,2a6bca35-6789-4121-99d1-638f683c28b8,Richards
192,Justin Bieber featuring Nicki Minaj,Beauty and a Beat,2012,$In $Vr $Vr $Ch_a $instr $Vr $Vr $Ch_a $bridge $Ch_b $instr,,S,,,D-CLP,63b9a815-fab0-4aaf-80ee-eb92c5bdd179,Peres
192,Justin Bieber featuring Nicki Minaj,Beauty and a Beat,2012,|4 | 2-| 6-| 5|,|FM| Dm| Am| GM|,$a,,4 2- 6- 5,D-CLP,63b9a815-fab0-4aaf-80ee-eb92c5bdd179,Peres
192,Justin Bieber featuring Nicki Minaj,Beauty and a Beat,2012,$a*2,,$In,,,D-CLP,63b9a815-fab0-4aaf-80ee-eb92c5bdd179,Peres
192,Justin Bieber featuring Nicki Minaj,Beauty and a Beat,2012,$a*4,,$Vr,,,D-CLP,63b9a815-fab0-4aaf-80ee-eb92c5bdd179,Peres
192,Justin Bieber featuring Nicki Minaj,Beauty and a Beat,2012,|4|5|6-|1|,|FM| GM| Am| CM |,$b,Plateau: ascending passing loop,4 5 6- 1,D-CLP,63b9a815-fab0-4aaf-80ee-eb92c5bdd179,Peres
192,Justin Bieber featuring Nicki Minaj,Beauty and a Beat,2012,|4|5|2-|1|,|FM| GM| Dm| CM |,$b_cad,,4 5 2- 1,D-CLP,63b9a815-fab0-4aaf-80ee-eb92c5bdd179,Peres
192,Justin Bieber featuring Nicki Minaj,Beauty and a Beat,2012,$b $b_cad $b*2,,$Ch_a,,,D-CLP,63b9a815-fab0-4aaf-80ee-eb92c5bdd179,Peres
192,Justin Bieber featuring Nicki Minaj,Beauty and a Beat,2012,$b*4,,$Ch_b,,,D-CLP,63b9a815-fab0-4aaf-80ee-eb92c5bdd179,Peres
192,Justin Bieber featuring Nicki Minaj,Beauty and a Beat,2012,|6-||||||||,|Am||||||||,$instr,Six,6-,D-CLP,63b9a815-fab0-4aaf-80ee-eb92c5bdd179,Peres
192,Justin Bieber featuring Nicki Minaj,Beauty and a Beat,2012,|4|3-|6-| . 5|,|FM|Em|Am| . GM|,$d,,4 3- 6- 5,D-CLP,63b9a815-fab0-4aaf-80ee-eb92c5bdd179,Peres
192,Justin Bieber featuring Nicki Minaj,Beauty and a Beat,2012,|4|3-|6-| R|,|FM|Em|Am| R|,$d_cad,,4 3- 6- R,D-CLP,63b9a815-fab0-4aaf-80ee-eb92c5bdd179,Peres
192,Justin Bieber featuring Nicki Minaj,Beauty and a Beat,2012,$d $d_cad $d*2,,$bridge,,,D-CLP,63b9a815-fab0-4aaf-80ee-eb92c5bdd179,Peres
367,Kelly Clarkson,Behind These Hazel Eyes ,2005,$In $Vr $PCh $Ch $Vr $PCh $Ch $bridge $link $Ch*2,,S,,,D-CLP,b374d34f-6b97-33a1-8895-079e0eceb235,Richards
367,Kelly Clarkson,Behind These Hazel Eyes ,2005,|6- . . 4||1 . . 5||,|F#m . . DM||AM . . EM||,$a,Axis-A,6- 4 1 5,D-CLP,b374d34f-6b97-33a1-8895-079e0eceb235,Richards
367,Kelly Clarkson,Behind These Hazel Eyes ,2005,$a*2,,$In,,,D-CLP,b374d34f-6b97-33a1-8895-079e0eceb235,Richards
367,Kelly Clarkson,Behind These Hazel Eyes ,2005,| 6- | 4 | 1 | 5 |,|F#m|DM|AM|EM|,$aa,Axis-A,6- 4 1 5,D-CLP,b374d34f-6b97-33a1-8895-079e0eceb235,Richards
367,Kelly Clarkson,Behind These Hazel Eyes ,2005,$aa*4 ,,$Vr,,,D-CLP,b374d34f-6b97-33a1-8895-079e0eceb235,Richards
367,Kelly Clarkson,Behind These Hazel Eyes ,2005,|4||6-||4||5||,|DM||F#M||DM||EM|. R . .|,$PCh,,4 6- 4 5,D-CLP,b374d34f-6b97-33a1-8895-079e0eceb235,Richards
367,Kelly Clarkson,Behind These Hazel Eyes ,2005,|6-|4|2-||,|F#m|DM|Bm||,$aa_turnaround,,6- 4 2-,D-CLP,b374d34f-6b97-33a1-8895-079e0eceb235,Richards
367,Kelly Clarkson,Behind These Hazel Eyes ,2005,$aa*2 $aa_turnaround $a,,$Ch,,,D-CLP,b374d34f-6b97-33a1-8895-079e0eceb235,Richards
367,Kelly Clarkson,Behind These Hazel Eyes ,2005,|2- . . 5||2- . . 6-||,|Bm . . AM||Bm . . F#m||,$b,,2- 5 2- 6-,D-CLP,b374d34f-6b97-33a1-8895-079e0eceb235,Richards
367,Kelly Clarkson,Behind These Hazel Eyes ,2005,|2- . . 5||2- | 4|5|,|Bm . . AM||Bm|DM EM|,$b_cad,,2- 5 2- 4 5,D-CLP,b374d34f-6b97-33a1-8895-079e0eceb235,Richards
367,Kelly Clarkson,Behind These Hazel Eyes ,2005,$b $b_cad,,$bridge,,,D-CLP,b374d34f-6b97-33a1-8895-079e0eceb235,Richards
367,Kelly Clarkson,Behind These Hazel Eyes ,2005,|6- . . 4||5| . R . .|,|F#m . . DM||EM|. R . .|,$a_turnaround,,6- 4 5 R,D-CLP,b374d34f-6b97-33a1-8895-079e0eceb235,Richards
367,Kelly Clarkson,Behind These Hazel Eyes ,2005,$a $a_turnaround,,$link,,,D-CLP,b374d34f-6b97-33a1-8895-079e0eceb235,Richards
288,Drake,Best I ever Had,2009,$In $Ch_a $Ch_b $hook $Vr*4 $Ch_a $Ch_b $hook $Vr*4 $Ch_a $Ch_b $hook $outro $fadeout,,S,,,B,a46b7bb9-52a2-43ff-8ab5-310efb746007,Duinker
288,Drake,Best I ever Had,2009,|R||||||||3-||||,|R||||||||Cm||||,$In,,R 3-,B,a46b7bb9-52a2-43ff-8ab5-310efb746007,Duinker
288,Drake,Best I ever Had,2009,|4||3-||2-||||,|DbM||Cm||Bm||||,"$Ch_a, $Ch_b, $Vr, $PCh, $hook, $outro, $fadeout",,4 3- 2-,B,a46b7bb9-52a2-43ff-8ab5-310efb746007,Duinker
310,Leona Lewis ,Better in Time ,2008,$In $Vr $PCh $Ch $Vr $PCh $Ch $bridge $Ch $fadeout,,S,,,C,03ea862c-81c1-475d-bf72-18a117a400f0,Richards
310,Leona Lewis ,Better in Time ,2008,|1|3-|6- 5 |4|,|GM|Bm|Em GM| CM|,$a,,1 3- 6- 5 4,C,03ea862c-81c1-475d-bf72-18a117a400f0,Richards
310,Leona Lewis ,Better in Time ,2008,$a*2 ,,"$In, $Vr, $PCh, $Ch, $fadeout",,,C,03ea862c-81c1-475d-bf72-18a117a400f0,Richards
310,Leona Lewis ,Better in Time ,2008,|2-|1|4|5|,|Am|GM|CM|DM|,$b,,2- 1 4 5,C,03ea862c-81c1-475d-bf72-18a117a400f0,Richards
310,Leona Lewis ,Better in Time ,2008,$b*2,,$bridge,,,C,03ea862c-81c1-475d-bf72-18a117a400f0,Richards
20,Post Malone,Better Now,2018,$In $hook $Vr $PCh $hook $Vr $PCh $hook $bridge $hook $outro,,S,,,A,3176a751-56e5-4a37-b657-1f219b21425e,Park: MusicID Top 200 (2000-2020)
20,Post Malone,Better Now,2018,|2-||5||1||4||,|Cm||FM||BbM||EbM||,"$a, $In, $PCh, $bridge",,2- 5 1 4,A,3176a751-56e5-4a37-b657-1f219b21425e,Park: MusicID Top 200 (2000-2020)
20,Post Malone,Better Now,2018,$a*2,,"$hook, $Vr, $outro",,,A,3176a751-56e5-4a37-b657-1f219b21425e,Park: MusicID Top 200 (2000-2020)
146,Daft Punk,Beyond,2013,$In $hook $Vr $instr $outro $ending_cadence,,S,,,C,b3de986e-a787-4c0b-9caa-aa0288696594,Jinny Park: daft punk corpus
146,Daft Punk,Beyond,2013,|1||,|BM||,$a,One,1,C,b3de986e-a787-4c0b-9caa-aa0288696594,Jinny Park: daft punk corpus
146,Daft Punk,Beyond,2013,|b6|7|,|GM|AM|,$a_turnaround,,b6 7,C,b3de986e-a787-4c0b-9caa-aa0288696594,Jinny Park: daft punk corpus
146,Daft Punk,Beyond,2013,|6-||,|G#m||,$link,Six,6-,C,b3de986e-a787-4c0b-9caa-aa0288696594,Jinny Park: daft punk corpus
146,Daft Punk,Beyond,2013,$a*3 $a_trunaround $a*3 $link,,$In,,,C,b3de986e-a787-4c0b-9caa-aa0288696594,Jinny Park: daft punk corpus
146,Daft Punk,Beyond,2013,|6-||4||2-||4|5|,|G#m|||EM||||C#m|||||EM||F#M||,$b,,6- 4 2- 4 5,C,b3de986e-a787-4c0b-9caa-aa0288696594,Jinny Park: daft punk corpus
146,Daft Punk,Beyond,2013,$b*4,,"$hook, $Vr, $outro, ",,,C,b3de986e-a787-4c0b-9caa-aa0288696594,Jinny Park: daft punk corpus
146,Daft Punk,Beyond,2013,$b*2,,$instr ,,,C,b3de986e-a787-4c0b-9caa-aa0288696594,Jinny Park: daft punk corpus
146,Daft Punk,Beyond,2013,|6-|,|G#m|,$ending_cadence,Six,6-,C,b3de986e-a787-4c0b-9caa-aa0288696594,Jinny Park: daft punk corpus
337,Fergie ,Big Girls Don't Cry ,2007,$In $Vr $PCh $Ch $Vr $PCh $Ch $bridge_a $bridge_b $Ch $outro $ending_cadence,,S,,,D,ecb89a04-eb82-316f-bf18-5b0204af2869,"Richards, Park: MusicID Top 200 (2000-2020)"
337,Fergie ,Big Girls Don't Cry ,2007,|1 . . 4| . . . 5||,|GM . . CM| . . . DM||,"$a, $ending_cadence",,1 4 5,D,ecb89a04-eb82-316f-bf18-5b0204af2869,"Richards, Park: MusicID Top 200 (2000-2020)"
337,Fergie ,Big Girls Don't Cry ,2007,$a*2,,$In,,,D,ecb89a04-eb82-316f-bf18-5b0204af2869,"Richards, Park: MusicID Top 200 (2000-2020)"
337,Fergie ,Big Girls Don't Cry ,2007,$a*4,,"$Vr, $outro",,,D,ecb89a04-eb82-316f-bf18-5b0204af2869,"Richards, Park: MusicID Top 200 (2000-2020)"
337,Fergie ,Big Girls Don't Cry ,2007,|1 . . 4|||,|GM . . CM|||,$a_turnaround,Ionian-plagal,1 4,D,ecb89a04-eb82-316f-bf18-5b0204af2869,"Richards, Park: MusicID Top 200 (2000-2020)"
337,Fergie ,Big Girls Don't Cry ,2007,$a*3 $a_turnaround,,$PCh,,,D,ecb89a04-eb82-316f-bf18-5b0204af2869,"Richards, Park: MusicID Top 200 (2000-2020)"
337,Fergie ,Big Girls Don't Cry ,2007,|4||1||5||||,|CM||GM||DM|||||,$b,Closed Double Plagal,4 1 5,D,ecb89a04-eb82-316f-bf18-5b0204af2869,"Richards, Park: MusicID Top 200 (2000-2020)"
337,Fergie ,Big Girls Don't Cry ,2007,|4||1||5||6-||,|CM||GM||DM||Em||,$bb,Axis-F,4 1 5 6-,D,ecb89a04-eb82-316f-bf18-5b0204af2869,"Richards, Park: MusicID Top 200 (2000-2020)"
337,Fergie ,Big Girls Don't Cry ,2007,$b $bb*2 $b,,$Ch,,,D,ecb89a04-eb82-316f-bf18-5b0204af2869,"Richards, Park: MusicID Top 200 (2000-2020)"
337,Fergie ,Big Girls Don't Cry ,2007,|1|5|4||,|GM|DM|CM||,$c,One Five Four,1 5 4,D,ecb89a04-eb82-316f-bf18-5b0204af2869,"Richards, Park: MusicID Top 200 (2000-2020)"
337,Fergie ,Big Girls Don't Cry ,2007,$c*4,,$bridge_a,,,D,ecb89a04-eb82-316f-bf18-5b0204af2869,"Richards, Park: MusicID Top 200 (2000-2020)"
337,Fergie ,Big Girls Don't Cry ,2007,|5 . . 1||4||,|DM . . GM||CM||,$d,,5 1 4,D,ecb89a04-eb82-316f-bf18-5b0204af2869,"Richards, Park: MusicID Top 200 (2000-2020)"
337,Fergie ,Big Girls Don't Cry ,2007,|4||,|CM||,$d_turnaround,Four,4,D,ecb89a04-eb82-316f-bf18-5b0204af2869,"Richards, Park: MusicID Top 200 (2000-2020)"
337,Fergie ,Big Girls Don't Cry ,2007,$d*2 $d_turnaround,,$bridge_b,,,D,ecb89a04-eb82-316f-bf18-5b0204af2869,"Richards, Park: MusicID Top 200 (2000-2020)"
491,Merridith Brooks ,Bitch ,1997,$In $Vr*2 $Ch $Vr $Ch $instr $bridge $Ch*2 $outro,,S,,,D,bd8c67c9-68e0-3b16-a2b1-3d10f58aee37,Richards
491,Merridith Brooks ,Bitch ,1997,|1||4||,|AM||DM||,$a,Ionian-plagal,1 4,D,bd8c67c9-68e0-3b16-a2b1-3d10f58aee37,Richards
491,Merridith Brooks ,Bitch ,1997,$a*2,,$In,,,D,bd8c67c9-68e0-3b16-a2b1-3d10f58aee37,Richards
491,Merridith Brooks ,Bitch ,1997,|6-||2-||4||,|F#m||Bm||DM||,$a_cad,,6- 2- 4,D,bd8c67c9-68e0-3b16-a2b1-3d10f58aee37,Richards
491,Merridith Brooks ,Bitch ,1997,$a*2 $a_cad,,$Vr,,,D,bd8c67c9-68e0-3b16-a2b1-3d10f58aee37,Richards
491,Merridith Brooks ,Bitch ,1997,|1||5|2-||4||,|AM||EM||Bm||DM||,$b,,1 5 2- 4,D,bd8c67c9-68e0-3b16-a2b1-3d10f58aee37,Richards
491,Merridith Brooks ,Bitch ,1997,|1||5|6-||4||,|AM||EM||F#m||DM||,"$bb, $fadeout",Axis-C,1 5 6- 4,D,bd8c67c9-68e0-3b16-a2b1-3d10f58aee37,Richards
491,Merridith Brooks ,Bitch ,1997,$b $bb,,$Ch,,,D,bd8c67c9-68e0-3b16-a2b1-3d10f58aee37,Richards
491,Merridith Brooks ,Bitch ,1997,$bb $b,,$instr,,,D,bd8c67c9-68e0-3b16-a2b1-3d10f58aee37,Richards
491,Merridith Brooks ,Bitch ,1997,|5||||6-||4||,|EM||||F#m||DM||,$c,,5 6- 4,D,bd8c67c9-68e0-3b16-a2b1-3d10f58aee37,Richards
491,Merridith Brooks ,Bitch ,1997,|5||6-||4||||,|EM||F#m||DM||||,$c_trunaround,,5 6- 4,D,bd8c67c9-68e0-3b16-a2b1-3d10f58aee37,Richards
491,Merridith Brooks ,Bitch ,1997,$c $c_turnaround,,$bridge,,,D,bd8c67c9-68e0-3b16-a2b1-3d10f58aee37,Richards
491,Merridith Brooks ,Bitch ,1997,$bb*4,,$outro,,,D,bd8c67c9-68e0-3b16-a2b1-3d10f58aee37,Richards
194,Kendrick Lamar,"Bitch, Don't Kill My Vibe",2012,$In $Ch $hook $Vr $PCh $Ch $Vr $PCh $Ch $hook $outro $ending_cadence,,S,,,A,45ac3df1-50c7-45ac-a78b-6d22d2c37080,Peres
194,Kendrick Lamar,"Bitch, Don't Kill My Vibe",2012,|6- . . 4||||,|Fm . . DbM||||,"$a, $hook",Aeolian-Lydian Plateau Shuttle,6- 4,A,45ac3df1-50c7-45ac-a78b-6d22d2c37080,Peres
194,Kendrick Lamar,"Bitch, Don't Kill My Vibe",2012,$a*2,,$In,,,A,45ac3df1-50c7-45ac-a78b-6d22d2c37080,Peres
194,Kendrick Lamar,"Bitch, Don't Kill My Vibe",2012,$a*4,,"$Ch, $PCh, $PostCh",,,A,45ac3df1-50c7-45ac-a78b-6d22d2c37080,Peres
194,Kendrick Lamar,"Bitch, Don't Kill My Vibe",2012,$a*3,,$Vr,,,A,45ac3df1-50c7-45ac-a78b-6d22d2c37080,Peres
194,Kendrick Lamar,"Bitch, Don't Kill My Vibe",2012,$a*6,,$outro,,,A,45ac3df1-50c7-45ac-a78b-6d22d2c37080,Peres
194,Kendrick Lamar,"Bitch, Don't Kill My Vibe",2012,|R|,|R|,$ending_cadence,Rest,R,A,45ac3df1-50c7-45ac-a78b-6d22d2c37080,Peres
118,Taylor Swift,Blank Space,2014,$In $Vr $Ch $link $Vr $Ch $bridge $Ch ,,S,,,B,05980852-95f4-4ea2-806a-abf1666951b8,Peres
118,Taylor Swift,Blank Space,2014,|R||,|R||,"$In, $link",Rest,R,B,05980852-95f4-4ea2-806a-abf1666951b8,Peres
118,Taylor Swift,Blank Space,2014,|1|| 6-|| 4|| 5||,|FM|| Dm|| BbM|| CM||,$a,Doo-wop,1 6- 4 5,B,05980852-95f4-4ea2-806a-abf1666951b8,Peres
118,Taylor Swift,Blank Space,2014,|1|| 6-|| 4|| 5|R|,|FM|| Dm|| BbM|| CM|R|,$a_turnaround,,1 6- 4 5 R,B,05980852-95f4-4ea2-806a-abf1666951b8,Peres
118,Taylor Swift,Blank Space,2014,|1|| 6-|| 2-|| 4||,|FM|| Dm|| Gm|| BbM||,$aa,,1 6- 2- 4,B,05980852-95f4-4ea2-806a-abf1666951b8,Peres
118,Taylor Swift,Blank Space,2014,$a $a_turnaround,,$Vr,,,B,05980852-95f4-4ea2-806a-abf1666951b8,Peres
118,Taylor Swift,Blank Space,2014,|1|| 6-|| 2-|| 4| . R|,|FM|| Dm|| Gm|| BbM| . R|,$aa_drop,,1 6- 2- 4 R,B,05980852-95f4-4ea2-806a-abf1666951b8,Peres
118,Taylor Swift,Blank Space,2014,$aa $aa_drop,,$Ch,,,B,05980852-95f4-4ea2-806a-abf1666951b8,Peres
118,Taylor Swift,Blank Space,2014,|R||||,|R||||,$bridge,Rest,R,B,05980852-95f4-4ea2-806a-abf1666951b8,Peres
338,Leona Lewis,Bleeding Love,2007,$In $Vr $PCh $Ch $link $Vr $PCh $Ch $bridge $PCh_2 $Ch_2 $ending_cadence,,S,,,C,cbba237c-4bd9-3707-9330-002a888dbbef,Park: MusicID Top 200 (2000-2020)
338,Leona Lewis,Bleeding Love,2007,|1|| 6-|| 4 || 5||,|FM|| Dm|| BbM || CM||,"$a, $In, $PCh, $Ch, $link",Doo-wop,1 6- 4 5,C,cbba237c-4bd9-3707-9330-002a888dbbef,Park: MusicID Top 200 (2000-2020)
338,Leona Lewis,Bleeding Love,2007,$a*2,,$Vr,,,C,cbba237c-4bd9-3707-9330-002a888dbbef,Park: MusicID Top 200 (2000-2020)
338,Leona Lewis,Bleeding Love,2007,|6-||4||1||5||,|Dm||BbM||FM||CM||,"$b, $bridge, $PCh_2",Axis-A,6- 4 1 5,C,cbba237c-4bd9-3707-9330-002a888dbbef,Park: MusicID Top 200 (2000-2020)
338,Leona Lewis,Bleeding Love,2007,$b*2,,$Ch_2,,,C,cbba237c-4bd9-3707-9330-002a888dbbef,Park: MusicID Top 200 (2000-2020)
338,Leona Lewis,Bleeding Love,2007,|6-|4|1|5|6-||,|Dm|BbM|FM|CM|Dm||,$ending_cadence,,6- 4 1 5 6-,C,cbba237c-4bd9-3707-9330-002a888dbbef,Park: MusicID Top 200 (2000-2020)
195,P!nk ,Blow Me (One Last Kiss) ,2012,$In $Vr $PCh $Ch $link $Vr $PCh $Ch $bridge $PCh $Ch $PostCh $ending,,S,,,B,87e09c1c-bb84-4547-aba4-84be7b0b68d1,Richards
195,P!nk ,Blow Me (One Last Kiss) ,2012,|1| . 3-|6-| . 4|,|GM| . Bm|Em| . CM|,"$a, $In",Axis-C-sub3-,1 3- 6- 4,B,87e09c1c-bb84-4547-aba4-84be7b0b68d1,Richards
195,P!nk ,Blow Me (One Last Kiss) ,2012,$a*2,,"$Vr, $bridge",,,B,87e09c1c-bb84-4547-aba4-84be7b0b68d1,Richards
195,P!nk ,Blow Me (One Last Kiss) ,2012,|1| . 3-|6-| . R|,,$a_drop,,1 3- 6- R,B,87e09c1c-bb84-4547-aba4-84be7b0b68d1,Richards
195,P!nk ,Blow Me (One Last Kiss) ,2012,$a $a_drop,,$PCh,,,B,87e09c1c-bb84-4547-aba4-84be7b0b68d1,Richards
195,P!nk ,Blow Me (One Last Kiss) ,2012,|1 | 3-|6-| 4|,|GM| Bm|Em| CM|,$aa,Axis-C-sub3-,1 3- 6- 4,B,87e09c1c-bb84-4547-aba4-84be7b0b68d1,Richards
195,P!nk ,Blow Me (One Last Kiss) ,2012,$a*4,,"$Ch, $PostCh",,,B,87e09c1c-bb84-4547-aba4-84be7b0b68d1,Richards
195,P!nk ,Blow Me (One Last Kiss) ,2012,|R||,|R||||,$link,Rest,R,B,87e09c1c-bb84-4547-aba4-84be7b0b68d1,Richards
195,P!nk ,Blow Me (One Last Kiss) ,2012,|R|,|R|,$ending,Rest,R,B,87e09c1c-bb84-4547-aba4-84be7b0b68d1,Richards
147,"Robin Thicke, T.I. &¬†Pharrell Williams",Blurred Lines,2013,$beginning $In $Vr $hook  $PostCh $Vr $hook $rap_verse $a $hook $outro $fadeout,,S,,,A,79a1c16c-bbc9-43e3-80ec-6097a08b69ed,Park: MusicID Top 200 (2000-2020)
147,"Robin Thicke, T.I. &¬†Pharrell Williams",Blurred Lines,2013,|1|,|GM|,$beginning,One,1,A,79a1c16c-bbc9-43e3-80ec-6097a08b69ed,Park: MusicID Top 200 (2000-2020)
147,"Robin Thicke, T.I. &¬†Pharrell Williams",Blurred Lines,2013,|1||||5||||,|GM||||DM||||,"$a, $Vr, $PostCh, $outro, $fadeout",One Five,1 5,A,79a1c16c-bbc9-43e3-80ec-6097a08b69ed,Park: MusicID Top 200 (2000-2020)
147,"Robin Thicke, T.I. &¬†Pharrell Williams",Blurred Lines,2013,$a*2,,"$In, $hook, rap_verse",,,A,79a1c16c-bbc9-43e3-80ec-6097a08b69ed,Park: MusicID Top 200 (2000-2020)
440,Puddle of Mudd,Blurry,2001,$In $Vr $PCh $Ch $Vr $PCh $Ch $link $bridge $Ch $PostCh $ending_cadence,,S,,,B,71bf0918-5c79-4015-aa08-e24d14d46463,Park: MusicID Top 200 (2000-2020)
440,Puddle of Mudd,Blurry,2001,|4||5||6-||||,|BM||C#M||D#m||||,$a,Plateau: open passing loop,4 5 6-,B,71bf0918-5c79-4015-aa08-e24d14d46463,Park: MusicID Top 200 (2000-2020)
440,Puddle of Mudd,Blurry,2001,|4||5||6||||,|BM||C#M||D#M||||,$aa,Plateau: open passing loop,4 5 6-,B,71bf0918-5c79-4015-aa08-e24d14d46463,Park: MusicID Top 200 (2000-2020)
440,Puddle of Mudd,Blurry,2001,$a*2,,"$In, $Vr, $PCh, $bridge, $outro",,,B,71bf0918-5c79-4015-aa08-e24d14d46463,Park: MusicID Top 200 (2000-2020)
440,Puddle of Mudd,Blurry,2001,$aa*2 ,,"$Ch, $PostCh",,,B,71bf0918-5c79-4015-aa08-e24d14d46463,Park: MusicID Top 200 (2000-2020)
440,Puddle of Mudd,Blurry,2001,|6-||||,|D#m||||,"$link, $ending_cadence",Six,6-,B,71bf0918-5c79-4015-aa08-e24d14d46463,Park: MusicID Top 200 (2000-2020)
44,Loud Luxury ft. Brando,Body,2017,$fadein $Vr $PCh $PCh_2 $Ch $DCh $link $Vr $PCh $PCh_3 $Ch $DCh ,,S,,,A,8754c509-cbe6-44ae-a82a-589db3a42ac7,Duinker
44,Loud Luxury ft. Brando,Body,2017,|4||||6-||1||,|DbM||||Fm||AbM||,"$a, $fadein, $PCh_3",Plateau: ascending passing loop,4 6- 1,A,8754c509-cbe6-44ae-a82a-589db3a42ac7,Duinker
44,Loud Luxury ft. Brando,Body,2017,$a*2,,"$Vr, $PCh, $PCh_2, $Ch, $DCh",,,A,8754c509-cbe6-44ae-a82a-589db3a42ac7,Duinker
44,Loud Luxury ft. Brando,Body,2017,|R||,|R||,$link,Rest,R,A,8754c509-cbe6-44ae-a82a-589db3a42ac7,Duinker
149,Ciara,Body Party,2013,$In $Vr $PCh $Ch $Vr_2 $Vr $PCh $Ch $Vr_2 $Outro,,S,,,A,c9a63c8e-090d-425a-9a0f-662302ab0f69,Peres
149,Ciara,Body Party,2013,|4 | 3|6- |5 1|,|EbM | DM|Gm |FM BbM|,$a,,4 3 6- 5 1,A,c9a63c8e-090d-425a-9a0f-662302ab0f69,Peres
149,Ciara,Body Party,2013,$a*4,,"$In, $Ch, $Vr_2",,,A,c9a63c8e-090d-425a-9a0f-662302ab0f69,Peres
149,Ciara,Body Party,2013,$a*2,,"$Vr, $PCh, $Outro",,,A,c9a63c8e-090d-425a-9a0f-662302ab0f69,Peres
149,Ciara,Body Party,2013,|R|,,$ending,Rest,R,A,c9a63c8e-090d-425a-9a0f-662302ab0f69,Peres
368,Green Day ,Boulevard of Broken Dreams ,2005,$In $Vr_1 $Vr_2 $Ch $link $Vr_1 $Vr_2 $Ch $link $instr $Vr_3 $Ch_2 $PostCh,,S,,,D,150818a8-0e8b-341b-b457-e25e620f82db,"Richards, Park: MusicID Top 200 (2000-2020)"
368,Green Day ,Boulevard of Broken Dreams ,2005,|6-|1|5|2-|,|Fm|AbM|EbM|Bbm|,$a,,6- 1 5 2-,D,150818a8-0e8b-341b-b457-e25e620f82db,"Richards, Park: MusicID Top 200 (2000-2020)"
368,Green Day ,Boulevard of Broken Dreams ,2005,$a*2,,"$In, $link, $Vr_3",,,D,150818a8-0e8b-341b-b457-e25e620f82db,"Richards, Park: MusicID Top 200 (2000-2020)"
368,Green Day ,Boulevard of Broken Dreams ,2005,$a*3,,$Vr_1,,,D,150818a8-0e8b-341b-b457-e25e620f82db,"Richards, Park: MusicID Top 200 (2000-2020)"
368,Green Day ,Boulevard of Broken Dreams ,2005,$a*3,,$Vr_2,,,D,150818a8-0e8b-341b-b457-e25e620f82db,"Richards, Park: MusicID Top 200 (2000-2020)"
368,Green Day ,Boulevard of Broken Dreams ,2005,|4|1|5|6-|,|DbM|AbM|EbM|Fm|,$b,Axis-F,4 1 5 6-,D,150818a8-0e8b-341b-b457-e25e620f82db,"Richards, Park: MusicID Top 200 (2000-2020)"
368,Green Day ,Boulevard of Broken Dreams ,2005,|4|1|3||,|DbM| AbM| CM||,$b_cad,,4 1 3,D,150818a8-0e8b-341b-b457-e25e620f82db,"Richards, Park: MusicID Top 200 (2000-2020)"
368,Green Day ,Boulevard of Broken Dreams ,2005,$b*3 $b_cad,,"$Ch, $instr",,,D,150818a8-0e8b-341b-b457-e25e620f82db,"Richards, Park: MusicID Top 200 (2000-2020)"
368,Green Day ,Boulevard of Broken Dreams ,2005,|4|1|3||||,|DbM| AbM| CM||||,$b_cad_2,,4 1 3,D,150818a8-0e8b-341b-b457-e25e620f82db,"Richards, Park: MusicID Top 200 (2000-2020)"
368,Green Day ,Boulevard of Broken Dreams ,2005,$b*3 $b_cad_2,,$Ch_2,,,D,150818a8-0e8b-341b-b457-e25e620f82db,"Richards, Park: MusicID Top 200 (2000-2020)"
368,Green Day ,Boulevard of Broken Dreams ,2005,|6-|4|5|2|1|3|,|Fm|DbM|EbM|BbM|AbM|CM|,$c,,6- 4 5 2 1 3,D,150818a8-0e8b-341b-b457-e25e620f82db,"Richards, Park: MusicID Top 200 (2000-2020)"
368,Green Day ,Boulevard of Broken Dreams ,2005,|6-|4|5|2|1 3|,|Fm|DbM|EbM|BbM|AbM CM|,$ending_cadence,,6- 4 5 2 1 3,D,150818a8-0e8b-341b-b457-e25e620f82db,"Richards, Park: MusicID Top 200 (2000-2020)"
368,Green Day ,Boulevard of Broken Dreams ,2005,$c*3 $ending_cadence,,$PostCh,,,D,150818a8-0e8b-341b-b457-e25e620f82db,"Richards, Park: MusicID Top 200 (2000-2020)"
196,Justin Bieber,Boyfriend,2012,$In $Vr $Vr $PCh $Ch $Vr $Vr $PCh $Ch $bridge $Ch $ending,,S,,,B,ebe8e15d-ec1f-45f7-a7e6-004b3adf8cca,Peres
196,Justin Bieber,Boyfriend,2012,|R||||||||,|R||||||||,"$a, $In, $Vr",Rest,R,B,ebe8e15d-ec1f-45f7-a7e6-004b3adf8cca,Peres
196,Justin Bieber,Boyfriend,2012,|6-|  . 2- | 5| . 1|,|Bbm|  . Ebm| AbM| . DbM|,$a,,6- 2- 5 1,B,ebe8e15d-ec1f-45f7-a7e6-004b3adf8cca,Peres
196,Justin Bieber,Boyfriend,2012,|6-|  . 2- | 5 R . . || ,|Bbm|  . Ebm| AbM R . . ||,$a_drop,,6- 2- 5 R,B,ebe8e15d-ec1f-45f7-a7e6-004b3adf8cca,Peres
196,Justin Bieber,Boyfriend,2012,$a $a_drop,,$PCh,,,B,ebe8e15d-ec1f-45f7-a7e6-004b3adf8cca,Peres
196,Justin Bieber,Boyfriend,2012,|6-|  2- | 5| 1|,|Bbm| Ebm| AbM|DbM|,$b,,6- 2- 5 1,B,ebe8e15d-ec1f-45f7-a7e6-004b3adf8cca,Peres
196,Justin Bieber,Boyfriend,2012,$b*4 ,,"$Ch, $PostCh",,,B,ebe8e15d-ec1f-45f7-a7e6-004b3adf8cca,Peres
196,Justin Bieber,Boyfriend,2012,|6-||2-||3-||5||,|Bbm|| Ebm|| Fm||AbM||,$c,,6- 2- 3- 5,B,ebe8e15d-ec1f-45f7-a7e6-004b3adf8cca,Peres
196,Justin Bieber,Boyfriend,2012,$c*2,,$bridge,,,B,ebe8e15d-ec1f-45f7-a7e6-004b3adf8cca,Peres
196,Justin Bieber,Boyfriend,2012,|R||,|R||,$ending,Rest,R,B,ebe8e15d-ec1f-45f7-a7e6-004b3adf8cca,Peres
74,Becky G.,Break a Sweat ,2015,$In $hook $Vr $PCh $Ch $Vr $PCh $Ch $bridge $hook $Ch $PostCh $ending_cadence,,S,,,B,7953914b-e147-4609-aeff-39557270705c,Peres
74,Becky G.,Break a Sweat ,2015,|R||||,|R||||,"$a, $In",Rest,R,B,7953914b-e147-4609-aeff-39557270705c,Peres
74,Becky G.,Break a Sweat ,2015,$a*2,,$hook,,,B,7953914b-e147-4609-aeff-39557270705c,Peres
74,Becky G.,Break a Sweat ,2015,|4| . 1 . . |6-| . 5 . .|,|EbM| . BbM . . | Gm | .  FM . . |,$b,Four One Six Five,4 1 6- 5,B,7953914b-e147-4609-aeff-39557270705c,Peres
74,Becky G.,Break a Sweat ,2015,$b*4,,"$Vr, $Ch, $bridge, $PostCh",,,B,7953914b-e147-4609-aeff-39557270705c,Peres
74,Becky G.,Break a Sweat ,2015,|4| . 1 . . |6-| R |,|EbM| . BbM . . | Gm | R |,$b_drop,,4 1 6- R,B,7953914b-e147-4609-aeff-39557270705c,Peres
74,Becky G.,Break a Sweat ,2015,$b*3 $b_drop,,$PCh,,,B,7953914b-e147-4609-aeff-39557270705c,Peres
74,Becky G.,Break a Sweat ,2015,|R||,|R||,$ending_cadence,Rest,R,B,7953914b-e147-4609-aeff-39557270705c,Peres
119,Ariana Grande,Break Free,2014,$In $Vr $PCh $Ch_1 $Ch_2 $link $Vr $PCh $Ch_1 $Ch_2 $bridge $link_2 $Ch_1 $Ch_2 $outro $ending,,S,,,D-CLP,764c6278-a9f8-43f3-82cb-14bf65e57b21,Peres
119,Ariana Grande,Break Free,2014,|6-|| 2-|| 1|| 4||,|Gm|| Cm|| BbM|| EbM||,"$a, $In",,6- 2- 1 4,D-CLP,764c6278-a9f8-43f3-82cb-14bf65e57b21,Peres
119,Ariana Grande,Break Free,2014,a*2,,$Vr,,a*2,D-CLP,764c6278-a9f8-43f3-82cb-14bf65e57b21,Peres
119,Ariana Grande,Break Free,2014,|6-|| 2-|| 1|| 3||,|Gm|| Cm|| BbM|| DM||,$a_turnaround,,6- 2- 1 3,D-CLP,764c6278-a9f8-43f3-82cb-14bf65e57b21,Peres
119,Ariana Grande,Break Free,2014,$a $a_turnaround,,$PCh,,,D-CLP,764c6278-a9f8-43f3-82cb-14bf65e57b21,Peres
119,Ariana Grande,Break Free,2014,|4|| 6- . .  5 | . . 3- . |,|EbM|| Gm . .  FM | . . Dm . |,$b,Four Six Five Three,4 6- 5 3-,D-CLP,764c6278-a9f8-43f3-82cb-14bf65e57b21,Peres
119,Ariana Grande,Break Free,2014,|4|| 6- . .  5 | . . 1 . |,|EbM|| Gm . . FM|. .  BbM|,$b_cad,,4 6- 5 1,D-CLP,764c6278-a9f8-43f3-82cb-14bf65e57b21,Peres
119,Ariana Grande,Break Free,2014,|4|| 6- . .  5 ||,|EbM|| Gm . . FM ||,$bb,Plateau: open neighboring loop,4 6- 5,D-CLP,764c6278-a9f8-43f3-82cb-14bf65e57b21,Peres
119,Ariana Grande,Break Free,2014,|3- . . 4||2-| . 3-|,|Dm . . EbM||Cm| . Dm|,$b_turnaround,,3- 4 2- 3-,D-CLP,764c6278-a9f8-43f3-82cb-14bf65e57b21,Peres
119,Ariana Grande,Break Free,2014,|3- . . 4||||,|Dm . . EbM||||,$b_turnaround_2,,3- 4,D-CLP,764c6278-a9f8-43f3-82cb-14bf65e57b21,Peres
119,Ariana Grande,Break Free,2014,$b $b_cad $bb $b_turnaround,,$Ch_1,,,D-CLP,764c6278-a9f8-43f3-82cb-14bf65e57b21,Peres
119,Ariana Grande,Break Free,2014,$b $b_cad $bb $b_turnaround_2,,$Ch_2,,,D-CLP,764c6278-a9f8-43f3-82cb-14bf65e57b21,Peres
119,Ariana Grande,Break Free,2014,|R||6-|| 2-||,|R||Gm|| Cm||,$link,,R 6- 2-,D-CLP,764c6278-a9f8-43f3-82cb-14bf65e57b21,Peres
119,Ariana Grande,Break Free,2014,|2- | . 3-|4 | 5 | 6- || 3- ||,|Cm | . Dm|EbM | FM | Gm || Dm ||,$c,,2- 3- 4 5 6- 3-,D-CLP,764c6278-a9f8-43f3-82cb-14bf65e57b21,Peres
119,Ariana Grande,Break Free,2014,|2- | . 3-|4 | 5 | 6- || 4|1|,|Cm | . Dm|EbM | FM | Gm || Fm |BbM|,$c_cad,,2- 3- 4 5 6- 4 1,D-CLP,764c6278-a9f8-43f3-82cb-14bf65e57b21,Peres
119,Ariana Grande,Break Free,2014,$c*3 $c_cad,,$bridge,,,D-CLP,764c6278-a9f8-43f3-82cb-14bf65e57b21,Peres
119,Ariana Grande,Break Free,2014,|R|||,|R|||,$link_2,Rest,R,D-CLP,764c6278-a9f8-43f3-82cb-14bf65e57b21,Peres
119,Ariana Grande,Break Free,2014,|6-||||||||,|Gm||||||||,$d,Six,6-,D-CLP,764c6278-a9f8-43f3-82cb-14bf65e57b21,Peres
119,Ariana Grande,Break Free,2014,$d*2,,$outro,,,D-CLP,764c6278-a9f8-43f3-82cb-14bf65e57b21,Peres
119,Ariana Grande,Break Free,2014,|6-||,|Gm||,$ending,Six,6-,D-CLP,764c6278-a9f8-43f3-82cb-14bf65e57b21,Peres
255,Taio Cruz feat. Ludacris ,Break Your Heart ,2010,$In $Vr $PCh $Ch $link $Vr $PCh $Ch $rap_break $bridge $Ch $outro,,S,,,B,4538dceb-18ba-4da8-be4c-f8a300874856,Richards
255,Taio Cruz feat. Ludacris ,Break Your Heart ,2010,| 6- . . 4 | . . .  1 | . . . 3- ||,|Cm . . AbM| . . . EbM| . . . Gm||,$a,,6- 4  1  3-,B,4538dceb-18ba-4da8-be4c-f8a300874856,Richards
255,Taio Cruz feat. Ludacris ,Break Your Heart ,2010,$a*4,,"$In, $Vr, $Ch, $rap_break, $outro",,,B,4538dceb-18ba-4da8-be4c-f8a300874856,Richards
255,Taio Cruz feat. Ludacris ,Break Your Heart ,2010,|6-||4||1||3-||,|Cm || AbM|| EbM|| Gm||,$b,Axis-A-sub3-,6- 4 1 3-,B,4538dceb-18ba-4da8-be4c-f8a300874856,Richards
255,Taio Cruz feat. Ludacris ,Break Your Heart ,2010,$b*2,,"$PCh, $bridge",,,B,4538dceb-18ba-4da8-be4c-f8a300874856,Richards
255,Taio Cruz feat. Ludacris ,Break Your Heart ,2010,$a*2,,$link,,,B,4538dceb-18ba-4da8-be4c-f8a300874856,Richards
387,Kelly Clarkson ,Breakaway ,2004,$In $Vr*2 $a_turnaround $Ch $link $Vr $a_turnaround $Ch $bridge $Ch $ending,,S,,,D-CLP,2701fa8d-033c-31d5-a65a-4641b1a20455,"Richards, Park: MusicID Top 200 (2000-2020)"
387,Kelly Clarkson ,Breakaway ,2004,|6- 5 |1 4|,|Am GM|CM FM | ,$a,Axis-A-reverse,6- 5 1 4,D-CLP,2701fa8d-033c-31d5-a65a-4641b1a20455,"Richards, Park: MusicID Top 200 (2000-2020)"
387,Kelly Clarkson ,Breakaway ,2004,|6- 5 |4|,|Am GM|FM|,$a_cad,Plateau: Reverse open passing loop,6- 5 4,D-CLP,2701fa8d-033c-31d5-a65a-4641b1a20455,"Richards, Park: MusicID Top 200 (2000-2020)"
387,Kelly Clarkson ,Breakaway ,2004,$a $a_cad,,"$aa, $link",,,D-CLP,2701fa8d-033c-31d5-a65a-4641b1a20455,"Richards, Park: MusicID Top 200 (2000-2020)"
387,Kelly Clarkson ,Breakaway ,2004,$aa*2,,"$In, $Vr",,,D-CLP,2701fa8d-033c-31d5-a65a-4641b1a20455,"Richards, Park: MusicID Top 200 (2000-2020)"
387,Kelly Clarkson ,Breakaway ,2004,|6- 5 | 2 | 4 5 |,|Am GM|DM | FM GM|,$a_turnaround,,6- 5 2 4 5,D-CLP,2701fa8d-033c-31d5-a65a-4641b1a20455,"Richards, Park: MusicID Top 200 (2000-2020)"
387,Kelly Clarkson ,Breakaway ,2004,| 1 | 5 | 6- | 4 |,| CM | GM |Am | FM|,$b,Axis-C,1 5 6- 4,D-CLP,2701fa8d-033c-31d5-a65a-4641b1a20455,"Richards, Park: MusicID Top 200 (2000-2020)"
387,Kelly Clarkson ,Breakaway ,2004,$b $a_cad,,$bb,,,D-CLP,2701fa8d-033c-31d5-a65a-4641b1a20455,"Richards, Park: MusicID Top 200 (2000-2020)"
387,Kelly Clarkson ,Breakaway ,2004,$bb*2,,$Ch,,,D-CLP,2701fa8d-033c-31d5-a65a-4641b1a20455,"Richards, Park: MusicID Top 200 (2000-2020)"
387,Kelly Clarkson ,Breakaway ,2004,|5|1 4|,|GM|CM FM|,$c,,5 1 4,D-CLP,2701fa8d-033c-31d5-a65a-4641b1a20455,"Richards, Park: MusicID Top 200 (2000-2020)"
387,Kelly Clarkson ,Breakaway ,2004,|2|4 5|,|DM|FM GM|,$c_turnaround,,2 4 5,D-CLP,2701fa8d-033c-31d5-a65a-4641b1a20455,"Richards, Park: MusicID Top 200 (2000-2020)"
387,Kelly Clarkson ,Breakaway ,2004,$c*3 $c_turnaround,,$bridge,,,D-CLP,2701fa8d-033c-31d5-a65a-4641b1a20455,"Richards, Park: MusicID Top 200 (2000-2020)"
387,Kelly Clarkson ,Breakaway ,2004,$a_cad*3,,$ending,,,D-CLP,2701fa8d-033c-31d5-a65a-4641b1a20455,"Richards, Park: MusicID Top 200 (2000-2020)"
256,The Script ,Breakeven ,2010,$In $link $Vr*2 $Ch $link $Vr $Ch $bridge $Vr $Ch $outro $fadeout,,S,,,"B, D",1d433414-d512-4370-bdd6-c58b1e3cc84f,Richards
256,The Script ,Breakeven ,2010,|4 . .  1 || 5 . .  6- ||,|EbM . .  BbM || FM . .  Gm ||,$a,Axis-F,4 1 5 6-,"B, D",1d433414-d512-4370-bdd6-c58b1e3cc84f,Richards
256,The Script ,Breakeven ,2010,|6- . .  5|| 1 . .  2- ||,|Gm . . FM|| BbM . . Cm||,"$b, $link",,6- 5 1 2-,"B, D",1d433414-d512-4370-bdd6-c58b1e3cc84f,Richards
256,The Script ,Breakeven ,2010,$a*4,,$In,,,"B, D",1d433414-d512-4370-bdd6-c58b1e3cc84f,Richards
256,The Script ,Breakeven ,2010,$b*4,,$Vr,,,"B, D",1d433414-d512-4370-bdd6-c58b1e3cc84f,Richards
256,The Script ,Breakeven ,2010,$b*4 ,,"$Ch, $outro, $fadeout",,,"B, D",1d433414-d512-4370-bdd6-c58b1e3cc84f,Richards
256,The Script ,Breakeven ,2010,$b*6,,$Ch_b,,,"B, D",1d433414-d512-4370-bdd6-c58b1e3cc84f,Richards
256,The Script ,Breakeven ,2010,|6- . .  5|| 1 . .  4 ||,|Gm . . FM|| BbM . . EbM||,$c,Axis-A-reverse,6- 5 1 4,"B, D",1d433414-d512-4370-bdd6-c58b1e3cc84f,Richards
256,The Script ,Breakeven ,2010,$c*2,,$link_b,,,"B, D",1d433414-d512-4370-bdd6-c58b1e3cc84f,Richards
256,The Script ,Breakeven ,2010,|4||,|EbM||,$c_trunaround,Four,4,"B, D",1d433414-d512-4370-bdd6-c58b1e3cc84f,Richards
256,The Script ,Breakeven ,2010,$c*4 $c_turnaround,,$bridge,,,"B, D",1d433414-d512-4370-bdd6-c58b1e3cc84f,Richards
477,Faith Hill,Breathe,1999,$In $Vr*2 $Ch $link $Vr $Ch $turnaround_2 $link $Ch_2 $turnaround_2 $ending,,S,,,B-CLP,5e406497-3b26-4c2d-8bff-d5bd5d3aeae6,Park: MusicID Top 200 (2000-2020)
477,Faith Hill,Breathe,1999,|2- | 1 | 4 | 1|,|Am | GM | CM |GM |,$a,,2- 1 4 1,B-CLP,5e406497-3b26-4c2d-8bff-d5bd5d3aeae6,Park: MusicID Top 200 (2000-2020)
477,Faith Hill,Breathe,1999,|2- | 1 | 4 ||,| Am | GM | CM||,$a_cad,,2- 1 4,B-CLP,5e406497-3b26-4c2d-8bff-d5bd5d3aeae6,Park: MusicID Top 200 (2000-2020)
477,Faith Hill,Breathe,1999,$a $a_cad,,"$aa, $In",,,B-CLP,5e406497-3b26-4c2d-8bff-d5bd5d3aeae6,Park: MusicID Top 200 (2000-2020)
477,Faith Hill,Breathe,1999,|2- ||5||,| Am || DM||,$turnaround,Dorian Shuttle,2- 5,B-CLP,5e406497-3b26-4c2d-8bff-d5bd5d3aeae6,Park: MusicID Top 200 (2000-2020)
477,Faith Hill,Breathe,1999,$a $a_cad $a $turnaround,,$Vr,,,B-CLP,5e406497-3b26-4c2d-8bff-d5bd5d3aeae6,Park: MusicID Top 200 (2000-2020)
477,Faith Hill,Breathe,1999,|1|2-|4|5|,|GM|Am|CM|DM|,$b,,1 2- 4 5,B-CLP,5e406497-3b26-4c2d-8bff-d5bd5d3aeae6,Park: MusicID Top 200 (2000-2020)
477,Faith Hill,Breathe,1999,|1|2-|4|1|,|GM|Am|CM|GM|,$bb,,1 2- 4 1,B-CLP,5e406497-3b26-4c2d-8bff-d5bd5d3aeae6,Park: MusicID Top 200 (2000-2020)
477,Faith Hill,Breathe,1999,$b*2 $bb $turnaround,,$Ch,,,B-CLP,5e406497-3b26-4c2d-8bff-d5bd5d3aeae6,Park: MusicID Top 200 (2000-2020)
477,Faith Hill,Breathe,1999,$b*2,,$link,,,B-CLP,5e406497-3b26-4c2d-8bff-d5bd5d3aeae6,Park: MusicID Top 200 (2000-2020)
477,Faith Hill,Breathe,1999,|4|1|2-|5|,|CM|GM|Am|DM|,$turnaround_2,,4 1 2- 5,B-CLP,5e406497-3b26-4c2d-8bff-d5bd5d3aeae6,Park: MusicID Top 200 (2000-2020)
477,Faith Hill,Breathe,1999,$bb $turnaround,,$Ch_2,,,B-CLP,5e406497-3b26-4c2d-8bff-d5bd5d3aeae6,Park: MusicID Top 200 (2000-2020)
477,Faith Hill,Breathe,1999,$bb $a $a_cad,,$ending,,,B-CLP,5e406497-3b26-4c2d-8bff-d5bd5d3aeae6,Park: MusicID Top 200 (2000-2020)
403,Evanescence& Paul McCoy,Bring Me To Life,2003,$In $Vr $drop $Ch $Vr $drop $Ch $PostCh $bridge $instr $Ch $PostCh $fadeout,,S,,,D-CLP,2722996e-ca58-368a-b5e7-0ca622256ea3,Park: MusicID Top 200 (2000-2020)
403,Evanescence& Paul McCoy,Bring Me To Life,2003,|6- |||| 4 |||| ,|Em|||| CM||||,"$a, $fadeout",Aeolian-Lydian Plateau Shuttle,6- 4,D-CLP,2722996e-ca58-368a-b5e7-0ca622256ea3,Park: MusicID Top 200 (2000-2020)
403,Evanescence& Paul McCoy,Bring Me To Life,2003,$a*4,,$In,,,D-CLP,2722996e-ca58-368a-b5e7-0ca622256ea3,Park: MusicID Top 200 (2000-2020)
403,Evanescence& Paul McCoy,Bring Me To Life,2003,$a*2,,"$Vr, $instr",,,D-CLP,2722996e-ca58-368a-b5e7-0ca622256ea3,Park: MusicID Top 200 (2000-2020)
403,Evanescence& Paul McCoy,Bring Me To Life,2003,|R||,|R||,$drop,Rest,R,D-CLP,2722996e-ca58-368a-b5e7-0ca622256ea3,Park: MusicID Top 200 (2000-2020)
403,Evanescence& Paul McCoy,Bring Me To Life,2003,|6-||1||5||6-||,|Em||GM||DM||Em||,$b,,6- 1 5 6-,D-CLP,2722996e-ca58-368a-b5e7-0ca622256ea3,Park: MusicID Top 200 (2000-2020)
403,Evanescence& Paul McCoy,Bring Me To Life,2003,$b*2,,$Ch,,,D-CLP,2722996e-ca58-368a-b5e7-0ca622256ea3,Park: MusicID Top 200 (2000-2020)
403,Evanescence& Paul McCoy,Bring Me To Life,2003,|4|| 5|| 6-||||,|CM|| DM|| Em||||,$c,Plateau: open passing loop,4 5 6-,D-CLP,2722996e-ca58-368a-b5e7-0ca622256ea3,Park: MusicID Top 200 (2000-2020)
403,Evanescence& Paul McCoy,Bring Me To Life,2003,$c*2,,$PostCh,,,D-CLP,2722996e-ca58-368a-b5e7-0ca622256ea3,Park: MusicID Top 200 (2000-2020)
403,Evanescence& Paul McCoy,Bring Me To Life,2003,|2-|| 6-|| 3|| 6- ||,|Am|| Em|| BM|| Em ||,$d,,2- 6- 3 6-,D-CLP,2722996e-ca58-368a-b5e7-0ca622256ea3,Park: MusicID Top 200 (2000-2020)
403,Evanescence& Paul McCoy,Bring Me To Life,2003,|2-|| 6-|| 3||||,|Am|| Em|| BM||||,$d_turnaround,,2- 6- 3,D-CLP,2722996e-ca58-368a-b5e7-0ca622256ea3,Park: MusicID Top 200 (2000-2020)
403,Evanescence& Paul McCoy,Bring Me To Life,2003,$d $d_turnaround,,$bridge,,,D-CLP,2722996e-ca58-368a-b5e7-0ca622256ea3,Park: MusicID Top 200 (2000-2020)
492,Sarah McLachlan,Building a Mystery,1997,$In $Vr $turnaround $link $Vr $turnaround_2 $Ch $a_cad $Vr $turnaround_2 $Ch $bridge $Ch,,S,,,D,4ac49dd4-1c76-398f-bea7-906a37180b7c,Richards
492,Sarah McLachlan,Building a Mystery,1997,| 6- | 4 | 1 | 5 |,|Bm | GM | DM | AM|,"$a, $link",Axis-A,6- 4 1 5,D,4ac49dd4-1c76-398f-bea7-906a37180b7c,Richards
492,Sarah McLachlan,Building a Mystery,1997,$a*2,,$In,,,D,4ac49dd4-1c76-398f-bea7-906a37180b7c,Richards
492,Sarah McLachlan,Building a Mystery,1997,$a*4 ,,$Vr,,,D,4ac49dd4-1c76-398f-bea7-906a37180b7c,Richards
492,Sarah McLachlan,Building a Mystery,1997,|2||4|5|,| EM|| GM| AM |,$turnaround,,2 4 5,D,4ac49dd4-1c76-398f-bea7-906a37180b7c,Richards
492,Sarah McLachlan,Building a Mystery,1997,|2||4||2||4|5|,| EM|| GM|| EM|| GM| AM |,$turnaround_2,,2 4 2 4 5,D,4ac49dd4-1c76-398f-bea7-906a37180b7c,Richards
492,Sarah McLachlan,Building a Mystery,1997,|5|||,|AM|||,$a_cad,Five,5,D,4ac49dd4-1c76-398f-bea7-906a37180b7c,Richards
492,Sarah McLachlan,Building a Mystery,1997,$a*4 ,,$Ch,,,D,4ac49dd4-1c76-398f-bea7-906a37180b7c,Richards
492,Sarah McLachlan,Building a Mystery,1997,|4|5|4||2-||4|5|4||||2-||4|5|,|GM|AM|GM||EM||GM|AM|GM||||EM||GM|AM|,$bridge,,4 5 4 2- 4 5 4 2- 4 5,D,4ac49dd4-1c76-398f-bea7-906a37180b7c,Richards
492,Sarah McLachlan,Building a Mystery,1997,$a*8,,$PostCh,,,D,4ac49dd4-1c76-398f-bea7-906a37180b7c,Richards
388,Usher,Burn,2004,$In $Vr $Ch $Vr $Ch $Vr $Ch $fadeout,,S,,,A-CLP,5b90ea12-44d0-47f6-9373-0a63c4ad1e57,Park: MusicID Top 200 (2000-2020)
388,Usher,Burn,2004,|1|6-|4||,|DM|Bm|GM||,$a,,1 6- 4,A-CLP,5b90ea12-44d0-47f6-9373-0a63c4ad1e57,Park: MusicID Top 200 (2000-2020)
388,Usher,Burn,2004,|1|6-|4|2- 5|,|DM|Bm|GM|Em AM|,$a_cad,,1 6- 4 2- 5,A-CLP,5b90ea12-44d0-47f6-9373-0a63c4ad1e57,Park: MusicID Top 200 (2000-2020)
388,Usher,Burn,2004,$a $a_cad,,"$aa, $In",,,A-CLP,5b90ea12-44d0-47f6-9373-0a63c4ad1e57,Park: MusicID Top 200 (2000-2020)
388,Usher,Burn,2004,$aa*2,,"$Vr, $Ch $fadeout",,,A-CLP,5b90ea12-44d0-47f6-9373-0a63c4ad1e57,Park: MusicID Top 200 (2000-2020)
120,Jason Aldean ,Burnin' It Down ,2014,$In $Vr $PCh $Ch $DCh $Vr_2 $PCh $Ch $DCh_2 $Vr*2 $Ch $DCh_2 $Vr,,S,,,A,a5b22b59-bc1b-4f83-9e13-847c0e62c180,Richards
120,Jason Aldean ,Burnin' It Down ,2014,| 6- | 4 | 1 | 5 |,|Em|CM|GM|DM,"$a, $PCh, $DCh, $Vr_2",Axis-A,6- 4 1 5,A,a5b22b59-bc1b-4f83-9e13-847c0e62c180,Richards
120,Jason Aldean ,Burnin' It Down ,2014,$a*2,,"$In, $Vr, $DCh_2",,,A,a5b22b59-bc1b-4f83-9e13-847c0e62c180,Richards
120,Jason Aldean ,Burnin' It Down ,2014,$a*4,,$Ch,,,A,a5b22b59-bc1b-4f83-9e13-847c0e62c180,Richards
45,Flo Rida and 99 Percent,Cake,2017,$In $Vr $PCh $Ch $DCh $Vr $PCh $Ch $DCh $bridge $Ch $DCh,,S,,,B,8a66bf18-d30f-41bd-b313-8ee7223a889a,"Adams 2019, Barna 2020"
45,Flo Rida and 99 Percent,Cake,2017,|4 . . 1|| 5 . .  6- ||,|GM . . DM|| AM . .  Bm ||,$a,Axis-F,4 1 5 6-,B,8a66bf18-d30f-41bd-b313-8ee7223a889a,"Adams 2019, Barna 2020"
45,Flo Rida and 99 Percent,Cake,2017,$a*2,,"$In, $Vr, $PCh",,,B,8a66bf18-d30f-41bd-b313-8ee7223a889a,"Adams 2019, Barna 2020"
45,Flo Rida and 99 Percent,Cake,2017,$a*3 $drop,,"$Ch, $bridge",,,B,8a66bf18-d30f-41bd-b313-8ee7223a889a,"Adams 2019, Barna 2020"
45,Flo Rida and 99 Percent,Cake,2017,|4 . . 1||R ||,|GM . . DM||R||,$drop,,4 1 R,B,8a66bf18-d30f-41bd-b313-8ee7223a889a,"Adams 2019, Barna 2020"
45,Flo Rida and 99 Percent,Cake,2017,$a*4,,$DCh,,,B,8a66bf18-d30f-41bd-b313-8ee7223a889a,"Adams 2019, Barna 2020"
257,Katy Perry featuring Snoop Dog,California Gurls,2010,$In $Vr*2 $PCh $Ch*2 $Vr $PCh $Ch*2 $rap_break $Ch $PostCh $ending,,S,,,"B, C",108c6186-1503-38c7-a8be-12ea34ff66da,Peres
257,Katy Perry featuring Snoop Dog,California Gurls,2010,|3- . . 4|| . 5 |6-|,|Am . . BbM|| . CM |Dm|,$a,,3- 4 5 6-,"B, C",108c6186-1503-38c7-a8be-12ea34ff66da,Peres
257,Katy Perry featuring Snoop Dog,California Gurls,2010,$a*2,,$In,,,"B, C",108c6186-1503-38c7-a8be-12ea34ff66da,Peres
257,Katy Perry featuring Snoop Dog,California Gurls,2010,$a*4,,"$Vr, $Ch, $PostCh",,,"B, C",108c6186-1503-38c7-a8be-12ea34ff66da,Peres
257,Katy Perry featuring Snoop Dog,California Gurls,2010,|4||5||3-||||,|CM||Dm||BbM||||,$b,,4 5 3-,"B, C",108c6186-1503-38c7-a8be-12ea34ff66da,Peres
257,Katy Perry featuring Snoop Dog,California Gurls,2010,$b*2,,$PCh,,,"B, C",108c6186-1503-38c7-a8be-12ea34ff66da,Peres
257,Katy Perry featuring Snoop Dog,California Gurls,2010,$a*12,,$rap_break,,,"B, C",108c6186-1503-38c7-a8be-12ea34ff66da,Peres
257,Katy Perry featuring Snoop Dog,California Gurls,2010,|R|,|R|,$ending,Rest,R,"B, C",108c6186-1503-38c7-a8be-12ea34ff66da,Peres
197,Carly Rae Jepsen,Call Me Maybe,2012,$In $Vr $PCh $Ch*2 $link $Vr $PCh $Ch*2 $PostCh $bridge $Ch $PostCh,,S,,,A,cb1d1c9b-6f10-4e17-9a78-61f7169e9f8a,"Spicer, Peres, Richards, Park: MusicID Top 200 (2000-2020)"
197,Carly Rae Jepsen,Call Me Maybe,2012,|R||||,|R||||,"$In, $link",Rest,R,A,cb1d1c9b-6f10-4e17-9a78-61f7169e9f8a,"Spicer, Peres, Richards, Park: MusicID Top 200 (2000-2020)"
197,Carly Rae Jepsen,Call Me Maybe,2012,|4| . . . 1| . 5 . . | . . . 6-| . 4 . . | . . . 1 | . 5 . . ||,|CM| . . . GM| . D . . | . . . Em| . C . . | . . . GM | . D . . ||,"$a, $PCh",,4 1 5  6- 4  1 5,A,cb1d1c9b-6f10-4e17-9a78-61f7169e9f8a,"Spicer, Peres, Richards, Park: MusicID Top 200 (2000-2020)"
197,Carly Rae Jepsen,Call Me Maybe,2012,$a*2,,"$Vr, $Ch, $PostCh, $bridge",,,A,cb1d1c9b-6f10-4e17-9a78-61f7169e9f8a,"Spicer, Peres, Richards, Park: MusicID Top 200 (2000-2020)"
121,Becky G.,Can't Stop Dancing,2014,$In $Vr $PCh $Ch $DCh $link $Vr $PCh $Ch $bridge $Ch*2 $outro,,S,,,C,8d84c8f0-6213-4d4d-b9fb-9f12e6c8848b,Peres
121,Becky G.,Can't Stop Dancing,2014,|6-||4|1|,|G#m|| EM| BM|,"$a, $link",Six Four One Rest,6- 4 1,C,8d84c8f0-6213-4d4d-b9fb-9f12e6c8848b,Peres
121,Becky G.,Can't Stop Dancing,2014,$a*2,,"$In, $PCh, $outro",,,C,8d84c8f0-6213-4d4d-b9fb-9f12e6c8848b,Peres
121,Becky G.,Can't Stop Dancing,2014,$a*4,,"$Vr, $Ch",,,C,8d84c8f0-6213-4d4d-b9fb-9f12e6c8848b,Peres
121,Becky G.,Can't Stop Dancing,2014,|5||||||||,|F#M||||||||,$turnaround,Five,5,C,8d84c8f0-6213-4d4d-b9fb-9f12e6c8848b,Peres
121,Becky G.,Can't Stop Dancing,2014,$a*5 $turnaround,,$bridge,,,C,8d84c8f0-6213-4d4d-b9fb-9f12e6c8848b,Peres
442,Kylie Minogue,Can't Get You Out Of My Head,2001,$In $hook*2 $Vr $hook $Vr $PCh $Ch $PostCh $hook*2 $Vr $PCh $Ch $PostCh $hook*4 $fadeout,,S,,,C,10b14617-6ba7-35c3-851d-5af3b3d7b6ad,Park: MusicID Top 200 (2000-2020)
442,Kylie Minogue,Can't Get You Out Of My Head,2001,|2- | | | . 4|6-||| . 1|,|Dm | | | . FM|Am||| . CM|,"$a, $hook, $fadeout",,2-  4 6- 1,C,10b14617-6ba7-35c3-851d-5af3b3d7b6ad,Park: MusicID Top 200 (2000-2020)
442,Kylie Minogue,Can't Get You Out Of My Head,2001,$a*2,,"$In, $Vr",,,C,10b14617-6ba7-35c3-851d-5af3b3d7b6ad,Park: MusicID Top 200 (2000-2020)
442,Kylie Minogue,Can't Get You Out Of My Head,2001,|b7||6||#5o||6||5-||||6||||,|BbM||AM||G#o||AM||Gm||||AM||||,$PCh,,b7 6 #5o 6 5- 6,C,10b14617-6ba7-35c3-851d-5af3b3d7b6ad,Park: MusicID Top 200 (2000-2020)
442,Kylie Minogue,Can't Get You Out Of My Head,2001,|b7||||6||||,|BbM||||AM||||,$PostCh,,b7 6,C,10b14617-6ba7-35c3-851d-5af3b3d7b6ad,Park: MusicID Top 200 (2000-2020)
442,Kylie Minogue,Can't Get You Out Of My Head,2001,$a*3,,$Ch,,,C,10b14617-6ba7-35c3-851d-5af3b3d7b6ad,Park: MusicID Top 200 (2000-2020)
57,Justin Timberlake,Can't Stop The Feeling,2016,$In $Vr $Vr $PCh $Ch $DCh $Vr $Vr $PCh $Ch $DCh*2 $bridge $Ch $PostCh $outro,,S,,,C,07816e87-210a-4b49-be1d-4a96f99cde0c,Park: MusicID Top 200 (2000-2020)
57,Justin Timberlake,Can't Stop The Feeling,2016,|1||6-||4||6-||,|CM||Am||FM||Am||,"$a, $In, $DCh, $outro",,1 6- 4 6-,C,07816e87-210a-4b49-be1d-4a96f99cde0c,Park: MusicID Top 200 (2000-2020)
57,Justin Timberlake,Can't Stop The Feeling,2016,$a*2,,"$Vr, $Ch, $PostCh",,,C,07816e87-210a-4b49-be1d-4a96f99cde0c,Park: MusicID Top 200 (2000-2020)
57,Justin Timberlake,Can't Stop The Feeling,2016,|b7| . . . 1|||,|BbM| . . . CM|||,$b,,b7 1,C,07816e87-210a-4b49-be1d-4a96f99cde0c,Park: MusicID Top 200 (2000-2020)
57,Justin Timberlake,Can't Stop The Feeling,2016,|b6| . . . b7|||4-||b7||,|AbM| . . . BbM|||Fm||BbM||,$c,,b6 b7 4- b7,C,07816e87-210a-4b49-be1d-4a96f99cde0c,Park: MusicID Top 200 (2000-2020)
57,Justin Timberlake,Can't Stop The Feeling,2016,$b*2 $c,,$PCh,,,C,07816e87-210a-4b49-be1d-4a96f99cde0c,Park: MusicID Top 200 (2000-2020)
57,Justin Timberlake,Can't Stop The Feeling,2016,|R||,|R||,$drop,Rest,R,C,07816e87-210a-4b49-be1d-4a96f99cde0c,Park: MusicID Top 200 (2000-2020)
57,Justin Timberlake,Can't Stop The Feeling,2016,$a*2 $drop,,$bridge,,,C,07816e87-210a-4b49-be1d-4a96f99cde0c,Park: MusicID Top 200 (2000-2020)
463,M_a,Case Of The Ex (Whatcha Gonna Do),2000,$In $Vr $PCh $Ch $Vr $PCh $Ch*2 $bridge $Ch*2 $outro $ending,,S,,,"B, C",e2efbc67-d4fd-4186-b852-89990e1369f6,Park: MusicID Top 200 (2000-2020)
463,M_a,Case Of The Ex (Whatcha Gonna Do),2000,|6-||2-||1||7o|3|,|C#m||F#m||EM||D#o|G#M|,$a,,6- 2- 1 7o 3,"B, C",e2efbc67-d4fd-4186-b852-89990e1369f6,Park: MusicID Top 200 (2000-2020)
463,M_a,Case Of The Ex (Whatcha Gonna Do),2000,$a*2,,"$In, $Vr, $PCh, $Ch, $outro",,,"B, C",e2efbc67-d4fd-4186-b852-89990e1369f6,Park: MusicID Top 200 (2000-2020)
463,M_a,Case Of The Ex (Whatcha Gonna Do),2000,|6- 2-||||6-||||2-||||3-||||,|C#m F#m||||C#m||||F#m||||G#m||||,$bridge,,6- 2- 6- 2- 3-,"B, C",e2efbc67-d4fd-4186-b852-89990e1369f6,Park: MusicID Top 200 (2000-2020)
463,M_a,Case Of The Ex (Whatcha Gonna Do),2000,|6- |,|C#m|,$ending,Six,6-,"B, C",e2efbc67-d4fd-4186-b852-89990e1369f6,Park: MusicID Top 200 (2000-2020)
370,Gavin DeGraw ,Chariot ,2005,$In $Vr $Vr_2 $Ch $link $Vr $Vr_2 $Ch $bridge $Ch $PostCh*2 $outro,,,,,D-CLP,fb366a75-1e7f-32b5-99bc-95c7aca3ca84,Richards
370,Gavin DeGraw ,Chariot ,2005,| 6- | 4 | 1 | 5 |,|Em|CM|GM|DM|,$a,Axis-A,6- 4 1 5,D-CLP,fb366a75-1e7f-32b5-99bc-95c7aca3ca84,Richards
370,Gavin DeGraw ,Chariot ,2005,$a*2,,"$In, $link",,,D-CLP,fb366a75-1e7f-32b5-99bc-95c7aca3ca84,Richards
370,Gavin DeGraw ,Chariot ,2005,| 6- | 4 | 1 | 2 |,|Em|CM|GM|AM|,$a_cad,,6- 4 1 2,D-CLP,fb366a75-1e7f-32b5-99bc-95c7aca3ca84,Richards
370,Gavin DeGraw ,Chariot ,2005,$a $a_cad,,$Vr,,,D-CLP,fb366a75-1e7f-32b5-99bc-95c7aca3ca84,Richards
370,Gavin DeGraw ,Chariot ,2005,| 6- | 4 | 1 | 2 ||2-||,|Em|CM|GM|AM||Am||,$a_turnaround,,6- 4 1 2 2-,D-CLP,fb366a75-1e7f-32b5-99bc-95c7aca3ca84,Richards
370,Gavin DeGraw ,Chariot ,2005,$a $a_turnaround,,$Vr_2,,,D-CLP,fb366a75-1e7f-32b5-99bc-95c7aca3ca84,Richards
370,Gavin DeGraw ,Chariot ,2005,|1|3-|6-|4|,|GM|Bm|EM|CM|,$b,Axis-C-sub3-,1 3- 6- 4,D-CLP,fb366a75-1e7f-32b5-99bc-95c7aca3ca84,Richards
370,Gavin DeGraw ,Chariot ,2005,|1|3|6-|4|,|GM|BM|EM|CM|,$b_sub,,1 3 6- 4,D-CLP,fb366a75-1e7f-32b5-99bc-95c7aca3ca84,Richards
370,Gavin DeGraw ,Chariot ,2005,$b*2 $b_sub $b,,$Ch,,,D-CLP,fb366a75-1e7f-32b5-99bc-95c7aca3ca84,Richards
370,Gavin DeGraw ,Chariot ,2005,|1||,|GM||,$link_2,One,1,D-CLP,fb366a75-1e7f-32b5-99bc-95c7aca3ca84,Richards
370,Gavin DeGraw ,Chariot ,2005,|b7||4||1||5||,|FM||CM||GM||DM||,$c,,b7 4 1 5,D-CLP,fb366a75-1e7f-32b5-99bc-95c7aca3ca84,Richards
370,Gavin DeGraw ,Chariot ,2005,|b7||4||5||||,|FM||CM||DM||||,$c_cad,,b7 4 5,D-CLP,fb366a75-1e7f-32b5-99bc-95c7aca3ca84,Richards
370,Gavin DeGraw ,Chariot ,2005,$c $c_cad,,$bridge,,,D-CLP,fb366a75-1e7f-32b5-99bc-95c7aca3ca84,Richards
370,Gavin DeGraw ,Chariot ,2005,$b*4,,$PostCh,,,D-CLP,fb366a75-1e7f-32b5-99bc-95c7aca3ca84,Richards
370,Gavin DeGraw ,Chariot ,2005,|1||,|GM||,$ending,One,1,D-CLP,fb366a75-1e7f-32b5-99bc-95c7aca3ca84,Richards
370,Gavin DeGraw ,Chariot ,2005,$b*2 $ending,,$outro,,,D-CLP,fb366a75-1e7f-32b5-99bc-95c7aca3ca84,Richards
349,Snow Patrol,Chasing Cars,2006,$In $Vr $Ch $Vr $Ch*2 $Vr $Ch*4 $Ch ,,,,,B,0644737d-af31-381d-9d75-075bcb86ae24,Park: MusicID Top 200 (2000-2020)
349,Snow Patrol,Chasing Cars,2006,|1||,|AM||,$In,One,1,B,0644737d-af31-381d-9d75-075bcb86ae24,Park: MusicID Top 200 (2000-2020)
349,Snow Patrol,Chasing Cars,2006,|1||5||4||1||,|AM||EM||DM||AM||,"$a, $Ch",,1 5 4 1,B,0644737d-af31-381d-9d75-075bcb86ae24,Park: MusicID Top 200 (2000-2020)
349,Snow Patrol,Chasing Cars,2006,$a*2,,$Vr,,,B,0644737d-af31-381d-9d75-075bcb86ae24,Park: MusicID Top 200 (2000-2020)
58,Sia feat. Sean Paul ,Cheap Thrills ,2016,$In $Vr $PCh $Ch $Vr $PCh $Ch $link $bridge $Ch $outro,,S,,,B,7b77da28-cf99-40c9-94a3-16e16363239e,"Richards, Park: MusicID Top 200 (2000-2020)"
58,Sia feat. Sean Paul ,Cheap Thrills ,2016,| 6- | 4 | 1 | 5 |,|F#m|DM|AM|EM|,$a,Axis-A,6- 4 1 5,B,7b77da28-cf99-40c9-94a3-16e16363239e,"Richards, Park: MusicID Top 200 (2000-2020)"
58,Sia feat. Sean Paul ,Cheap Thrills ,2016,$a*2,,"$In, $Vr, $link",,,B,7b77da28-cf99-40c9-94a3-16e16363239e,"Richards, Park: MusicID Top 200 (2000-2020)"
58,Sia feat. Sean Paul ,Cheap Thrills ,2016,| 6- | 4 | R||,|F#m|DM|R||,$drop,,6- 4 R,B,7b77da28-cf99-40c9-94a3-16e16363239e,"Richards, Park: MusicID Top 200 (2000-2020)"
58,Sia feat. Sean Paul ,Cheap Thrills ,2016,$a $drop,,$PCh,,,B,7b77da28-cf99-40c9-94a3-16e16363239e,"Richards, Park: MusicID Top 200 (2000-2020)"
58,Sia feat. Sean Paul ,Cheap Thrills ,2016,$a*6,,$Ch,,,B,7b77da28-cf99-40c9-94a3-16e16363239e,"Richards, Park: MusicID Top 200 (2000-2020)"
58,Sia feat. Sean Paul ,Cheap Thrills ,2016,$a*4,,$bridge,,,B,7b77da28-cf99-40c9-94a3-16e16363239e,"Richards, Park: MusicID Top 200 (2000-2020)"
58,Sia feat. Sean Paul ,Cheap Thrills ,2016,|R||||,|R||||,$ending,Rest,R,B,7b77da28-cf99-40c9-94a3-16e16363239e,"Richards, Park: MusicID Top 200 (2000-2020)"
58,Sia feat. Sean Paul ,Cheap Thrills ,2016,$a*3 $ending,,$outro,,,B,7b77da28-cf99-40c9-94a3-16e16363239e,"Richards, Park: MusicID Top 200 (2000-2020)"
75,OMI,Cheerleader,2015,$In $Vr $Ch $link $Vr $Ch $bridge $Vr $Ch $fadeout,,S,,,D-CLP,2db635a5-c0d5-4deb-a78e-6e1ef61a372c,Park: MusicID Top 200 (2000-2020)
75,OMI,Cheerleader,2015,|R||||||||,|R||||||||,$In,Rest,R,D-CLP,2db635a5-c0d5-4deb-a78e-6e1ef61a372c,Park: MusicID Top 200 (2000-2020)
75,OMI,Cheerleader,2015,|1|5|1|5|,|EM|BM|EM|BM|,$a,,1 5 1 5,D-CLP,2db635a5-c0d5-4deb-a78e-6e1ef61a372c,Park: MusicID Top 200 (2000-2020)
75,OMI,Cheerleader,2015,|4|5|1|5|,|AM|BM|EM|BM|,$a_cad,,4 5 1 5,D-CLP,2db635a5-c0d5-4deb-a78e-6e1ef61a372c,Park: MusicID Top 200 (2000-2020)
75,OMI,Cheerleader,2015,$a $a_cad,,$aa,,,D-CLP,2db635a5-c0d5-4deb-a78e-6e1ef61a372c,Park: MusicID Top 200 (2000-2020)
75,OMI,Cheerleader,2015,$aa*2,,"$Vr, $bridge",,,D-CLP,2db635a5-c0d5-4deb-a78e-6e1ef61a372c,Park: MusicID Top 200 (2000-2020)
75,OMI,Cheerleader,2015,|1|5|4|5|,|EM|BM|AM|BM|,$a_sub,,1 5 4 5,D-CLP,2db635a5-c0d5-4deb-a78e-6e1ef61a372c,Park: MusicID Top 200 (2000-2020)
75,OMI,Cheerleader,2015,$a_sub*4,,"$Ch, $fadeout",,,D-CLP,2db635a5-c0d5-4deb-a78e-6e1ef61a372c,Park: MusicID Top 200 (2000-2020)
75,OMI,Cheerleader,2015,|1|5|1|4|,|EM|BM|EM|AM|,$b,,1 5 1 4,D-CLP,2db635a5-c0d5-4deb-a78e-6e1ef61a372c,Park: MusicID Top 200 (2000-2020)
75,OMI,Cheerleader,2015,|1|5|||,|EM|BM|||,$b_cad,One Five,1 5,D-CLP,2db635a5-c0d5-4deb-a78e-6e1ef61a372c,Park: MusicID Top 200 (2000-2020)
75,OMI,Cheerleader,2015,$b $b_cad,,$link,,,D-CLP,2db635a5-c0d5-4deb-a78e-6e1ef61a372c,Park: MusicID Top 200 (2000-2020)
6,Post Malone,Circles,2019,$In $Vr $PCh $Ch $Ch $Vr $PCh $Ch $Ch $bridge $Ch $Ch ,,S,,,B-CLP,cece9e04-3baa-466c-a3fa-9d9a4ec2c89e,Park: MusicID Top 200 (2000-2020)
6,Post Malone,Circles,2019,|1||7-||4||4-||,|CM||Bm||FM||Fm||,$a,,1 7- 4 4-,B-CLP,cece9e04-3baa-466c-a3fa-9d9a4ec2c89e,Park: MusicID Top 200 (2000-2020)
6,Post Malone,Circles,2019,|1||7-||4||| 5|,|CM||Bm||FM||| GM|,$a_cad,,1 7- 4 5,B-CLP,cece9e04-3baa-466c-a3fa-9d9a4ec2c89e,Park: MusicID Top 200 (2000-2020)
6,Post Malone,Circles,2019,$a $a_cad,,"$aa, $Vr, $PCh, $Ch",,,B-CLP,cece9e04-3baa-466c-a3fa-9d9a4ec2c89e,Park: MusicID Top 200 (2000-2020)
6,Post Malone,Circles,2019,$aa*2,,$In,,,B-CLP,cece9e04-3baa-466c-a3fa-9d9a4ec2c89e,Park: MusicID Top 200 (2000-2020)
6,Post Malone,Circles,2019,|1||7-||4||R||,|CM||Bm||FM||R||,$drop,,1 7- 4 R,B-CLP,cece9e04-3baa-466c-a3fa-9d9a4ec2c89e,Park: MusicID Top 200 (2000-2020)
6,Post Malone,Circles,2019,$a $drop,,$bridge,,,B-CLP,cece9e04-3baa-466c-a3fa-9d9a4ec2c89e,Park: MusicID Top 200 (2000-2020)
223,M83,Claudia Lewis,2011,$In $Vr $PCh $Ch $Vr $PCh $Ch*2 $bridge $link $PCh $instr $fadeout,,S,,,C,7c1f3ff0-47ca-47f2-8315-650dd2a40291,Duinker
223,M83,Claudia Lewis,2011,|4||||5||||,|FM||||GM||||,$a,Plateau Shuttle,4 5,C,7c1f3ff0-47ca-47f2-8315-650dd2a40291,Duinker
223,M83,Claudia Lewis,2011,$a*2,,"$In, $Vr, $PCh, $Ch, $link, $fadeout",,,C,7c1f3ff0-47ca-47f2-8315-650dd2a40291,Duinker
223,M83,Claudia Lewis,2011,|2- . . 1| . . . 5|||,|Dm . . CM| . . . GM|||,$b,,2- 1 5,C,7c1f3ff0-47ca-47f2-8315-650dd2a40291,Duinker
223,M83,Claudia Lewis,2011,$b*4,,$bridge,,,C,7c1f3ff0-47ca-47f2-8315-650dd2a40291,Duinker
223,M83,Claudia Lewis,2011,$a*6,,$instr,,,C,7c1f3ff0-47ca-47f2-8315-650dd2a40291,Duinker
59,The Chainsmokers ft. Halsey,Closer,2016,$In $Vr $PCh $DCh $Vr $PCh $DCh $Ch*2 $DCh $fadeout,,S,,,A,84bfb2cc-ba10-44e2-9ddf-59230c087ec8,"Duinker, Park: MusicID Top 200 (2000-2020)"
59,The Chainsmokers ft. Halsey,Closer,2016,|4 | . 5 . .  |6- | .  5 . . |,|DM | . EM . . |F#m | .  EM . . |,$a,Plateau: circular passing loop,4 5 6- 5,A,84bfb2cc-ba10-44e2-9ddf-59230c087ec8,"Duinker, Park: MusicID Top 200 (2000-2020)"
59,The Chainsmokers ft. Halsey,Closer,2016,$a*2,,"$In, $fadeout",,,A,84bfb2cc-ba10-44e2-9ddf-59230c087ec8,"Duinker, Park: MusicID Top 200 (2000-2020)"
59,The Chainsmokers ft. Halsey,Closer,2016,$a*4,,"$Vr, $PCh, $DCh",,,A,84bfb2cc-ba10-44e2-9ddf-59230c087ec8,"Duinker, Park: MusicID Top 200 (2000-2020)"
371,Howie Day ,Collide ,2005,$In $Vr $link $Vr $Ch $link $Vr $Ch $bridge $link*2 $Ch $PostCh $outro $ending,,S,,,C,852e8a3b-83f7-366c-a9b9-e2dfe56f936d,Richards
371,Howie Day ,Collide ,2005,|1 || 5 || 6- || 4 ||,|BM || F#M|| G#m || EM ||,"$a, $link",Axis-C,1 5 6- 4,C,852e8a3b-83f7-366c-a9b9-e2dfe56f936d,Richards
371,Howie Day ,Collide ,2005,$a*2,,"$In, $Vr, $Ch, $PostCh, $outro",,,C,852e8a3b-83f7-366c-a9b9-e2dfe56f936d,Richards
371,Howie Day ,Collide ,2005,|6- . . 4 . . 5 . ||,|G#m . . EM . . F#M . ||,$b,Plateau: lower incomplete neighbor,6- 4 5,C,852e8a3b-83f7-366c-a9b9-e2dfe56f936d,Richards
371,Howie Day ,Collide ,2005,$b*3,,$bridge,,,C,852e8a3b-83f7-366c-a9b9-e2dfe56f936d,Richards
371,Howie Day ,Collide ,2005,|1|,|BM|,$ending,One,1,C,852e8a3b-83f7-366c-a9b9-e2dfe56f936d,Richards
198,Kenny Chesney ,Come Over ,2012,$In $Vr $Ch $DCh $Vr $Ch $DCh $bridge $Ch $DCh*4 $outro $fadeout,,S,,,A,17c97827-b4ce-4c92-8c7e-a6291c598472,Richards
198,Kenny Chesney ,Come Over ,2012,| 6- || 4 || 1|| 5 ||,| Bm || GM || DM|| AM ||,"$a, $Ch_a",Axis-A,6- 4 1 5,A,17c97827-b4ce-4c92-8c7e-a6291c598472,Richards
198,Kenny Chesney ,Come Over ,2012,$a*2,,"$In, $Vr, $Ch, $bridge, $outro, $fadeout",,,A,17c97827-b4ce-4c92-8c7e-a6291c598472,Richards
419,Avril Lavigne,Complicated,2002,$In $Vr $PCh $Ch $Vr $PCh $Ch $link $Vr_b $PCh $Ch*2 ,,,,,D,de630691-2fc7-34f5-b4b1-e6dd5a71fe99,"Park: MusicID Top 200 (2000-2020), Richards, De Clercq and Margulis"
419,Avril Lavigne,Complicated,2002,|6-| 4 |1| 5|,|Dm| BbM |FM| CM|,$a,Axis-A,6- 4 1 5,D,de630691-2fc7-34f5-b4b1-e6dd5a71fe99,"Park: MusicID Top 200 (2000-2020), Richards, De Clercq and Margulis"
419,Avril Lavigne,Complicated,2002,$a*4,,$In,,,D,de630691-2fc7-34f5-b4b1-e6dd5a71fe99,"Park: MusicID Top 200 (2000-2020), Richards, De Clercq and Margulis"
419,Avril Lavigne,Complicated,2002,|1|| 6-|| 4||5||,|FM|| Dm|| BbM||CM||,"$b, $link, $Vr_b",Doo-wop,1 6- 4 5,D,de630691-2fc7-34f5-b4b1-e6dd5a71fe99,"Park: MusicID Top 200 (2000-2020), Richards, De Clercq and Margulis"
419,Avril Lavigne,Complicated,2002,$b*2,,$Vr,,,D,de630691-2fc7-34f5-b4b1-e6dd5a71fe99,"Park: MusicID Top 200 (2000-2020), Richards, De Clercq and Margulis"
419,Avril Lavigne,Complicated,2002,|4|| 6-|| 4||5||,|BbM|| Dm|| BbM|| CM||,$PCh,,4 6- 4 5,D,de630691-2fc7-34f5-b4b1-e6dd5a71fe99,"Park: MusicID Top 200 (2000-2020), Richards, De Clercq and Margulis"
419,Avril Lavigne,Complicated,2002,|2-|| 4||,|Gm|| BbM||,$a_cad,,2- 4,D,de630691-2fc7-34f5-b4b1-e6dd5a71fe99,"Park: MusicID Top 200 (2000-2020), Richards, De Clercq and Margulis"
419,Avril Lavigne,Complicated,2002,$a*3  $a_cad,,$Ch,,,D,de630691-2fc7-34f5-b4b1-e6dd5a71fe99,"Park: MusicID Top 200 (2000-2020), Richards, De Clercq and Margulis"
152,Daft Punk,Contact,2013,$In $hook $Vr $hook $hookVerse $development $ending,,S,,,C,365f55b7-74c5-4cbd-bad0-3c7e246a60bf,Jinny Park: daft punk corpus
152,Daft Punk,Contact,2013,|4 || 5 || ,|GM || AM || ,$a,Plateau Shuttle,4 5,C,365f55b7-74c5-4cbd-bad0-3c7e246a60bf,Jinny Park: daft punk corpus
152,Daft Punk,Contact,2013,|4  2- | 5 ||,|GM Em | AM ||,$aCad,,4 2- 5,C,365f55b7-74c5-4cbd-bad0-3c7e246a60bf,Jinny Park: daft punk corpus
152,Daft Punk,Contact,2013,|4 1 | 2- 1 | 6- |5|,|GM DM | Em DM | Bm |AM|,$b,,4 1 2- 1 6- 5,C,365f55b7-74c5-4cbd-bad0-3c7e246a60bf,Jinny Park: daft punk corpus
152,Daft Punk,Contact,2013,$a $aCad,,$aa,,,C,365f55b7-74c5-4cbd-bad0-3c7e246a60bf,Jinny Park: daft punk corpus
152,Daft Punk,Contact,2013,$aa*2 $b $aCad $b ,,$In,,,C,365f55b7-74c5-4cbd-bad0-3c7e246a60bf,Jinny Park: daft punk corpus
152,Daft Punk,Contact,2013,|6-|4|1|5|,|Bm | GM | DM | AM |,$c,Axis-A,6- 4 1 5,C,365f55b7-74c5-4cbd-bad0-3c7e246a60bf,Jinny Park: daft punk corpus
152,Daft Punk,Contact,2013,$c*4 ,,$hook,,,C,365f55b7-74c5-4cbd-bad0-3c7e246a60bf,Jinny Park: daft punk corpus
152,Daft Punk,Contact,2013,$c*6,,$Vr,,,C,365f55b7-74c5-4cbd-bad0-3c7e246a60bf,Jinny Park: daft punk corpus
152,Daft Punk,Contact,2013,$c*4 ,,$hookVerse,,,C,365f55b7-74c5-4cbd-bad0-3c7e246a60bf,Jinny Park: daft punk corpus
152,Daft Punk,Contact,2013,$c*12,,$development,,,C,365f55b7-74c5-4cbd-bad0-3c7e246a60bf,Jinny Park: daft punk corpus
152,Daft Punk,Contact,2013,|R||||||||||||||||,,$ending,Rest,R,C,365f55b7-74c5-4cbd-bad0-3c7e246a60bf,Jinny Park: daft punk corpus
76,Demi Lovato,Cool for the Summer,2015,$In $Vr $link $Ch $link_2 $Vr $link $Ch $DCh $bridge $Ch $DCh $ending,,S,,,"B, C",b6da88c2-f977-4c71-89a3-c8a84035d81c,Peres
76,Demi Lovato,Cool for the Summer,2015,|4 | 2- | 6- | .  5 |,|AbM | Fm | Cm | .  BbM |,$a,,4 2- 6- 5,"B, C",b6da88c2-f977-4c71-89a3-c8a84035d81c,Peres
76,Demi Lovato,Cool for the Summer,2015,|R| $a,,$In,,,"B, C",b6da88c2-f977-4c71-89a3-c8a84035d81c,Peres
76,Demi Lovato,Cool for the Summer,2015,$a*4,,$Vr,,,"B, C",b6da88c2-f977-4c71-89a3-c8a84035d81c,Peres
76,Demi Lovato,Cool for the Summer,2015,|6-||||,|Cm||||,"$link, $ending",Six,6-,"B, C",b6da88c2-f977-4c71-89a3-c8a84035d81c,Peres
76,Demi Lovato,Cool for the Summer,2015,$a*2,,$Ch,,,"B, C",b6da88c2-f977-4c71-89a3-c8a84035d81c,Peres
76,Demi Lovato,Cool for the Summer,2015,|R|,|R|,$link_2,Rest,R,"B, C",b6da88c2-f977-4c71-89a3-c8a84035d81c,Peres
76,Demi Lovato,Cool for the Summer,2015,$a*2,,$DCh,,,"B, C",b6da88c2-f977-4c71-89a3-c8a84035d81c,Peres
76,Demi Lovato,Cool for the Summer,2015,|R| $a*2 |R|,,$bridge,,,"B, C",b6da88c2-f977-4c71-89a3-c8a84035d81c,Peres
123,Echosmith ,Cool Kids ,2014,$In $Vr $Vr_2 $Ch $In $Vr $Vr_2 $Ch*2 $bridge $Ch_2 $Ch*2 $In $ffadeout,,S,,,B,3813cffb-067f-4627-9ef9-8eb0716c9bef,Richards
123,Echosmith ,Cool Kids ,2014,| 6- | 4 | 1 | 5 |,|Fm|DbM|AbM|EbM|,$a,Axis-A,6- 4 1 5,B,3813cffb-067f-4627-9ef9-8eb0716c9bef,Richards
123,Echosmith ,Cool Kids ,2014,$a*2,,"$In, $fadeout",,,B,3813cffb-067f-4627-9ef9-8eb0716c9bef,Richards
123,Echosmith ,Cool Kids ,2014,| 6- | 4 | 1 | . 5 |,|Fm|DbM|AbM| . EbM|,$aa,Axis-A,6- 4 1 5,B,3813cffb-067f-4627-9ef9-8eb0716c9bef,Richards
123,Echosmith ,Cool Kids ,2014,| 6- | 4 | 1 | . R |,|Fm|DbM|AbM| . R|,$aa_drop,,6- 4 1 R,B,3813cffb-067f-4627-9ef9-8eb0716c9bef,Richards
123,Echosmith ,Cool Kids ,2014,$aa*2,,$Vr,,,B,3813cffb-067f-4627-9ef9-8eb0716c9bef,Richards
123,Echosmith ,Cool Kids ,2014,$aa $aa_drop,,$Vr_2,,,B,3813cffb-067f-4627-9ef9-8eb0716c9bef,Richards
123,Echosmith ,Cool Kids ,2014,$a*2,,$Ch,,,B,3813cffb-067f-4627-9ef9-8eb0716c9bef,Richards
123,Echosmith ,Cool Kids ,2014,$a*4,,$bridge,,,B,3813cffb-067f-4627-9ef9-8eb0716c9bef,Richards
123,Echosmith ,Cool Kids ,2014,|R||||||||,|R||||||||,$Ch_2,Rest,R,B,3813cffb-067f-4627-9ef9-8eb0716c9bef,Richards
124,OneRepublic,Counting Stars,2014,$In $Vr $PCh $Ch $link $Vr $PCh_2 $Ch $bridge $Ch $outro,,S,,,"C, D",7b6749a4-bd76-443d-9bb5-e2fa6011ca4b,Park: MusicID Top 200 (2000-2020)
124,OneRepublic,Counting Stars,2014,|6-|1|5|4|,|Dm|FM|CM|BbM|,"$a, $link",Six One Five Four,6- 1 5 4,"C, D",7b6749a4-bd76-443d-9bb5-e2fa6011ca4b,Park: MusicID Top 200 (2000-2020)
124,OneRepublic,Counting Stars,2014,|6-|1|5|4||,|Dm|FM|CM|BbM||,$a_cad,Six One Five Four,6- 1 5 4,"C, D",7b6749a4-bd76-443d-9bb5-e2fa6011ca4b,Park: MusicID Top 200 (2000-2020)
124,OneRepublic,Counting Stars,2014,$a $a_cad,,$In,,,"C, D",7b6749a4-bd76-443d-9bb5-e2fa6011ca4b,Park: MusicID Top 200 (2000-2020)
124,OneRepublic,Counting Stars,2014,$a*2,,$Vr,,,"C, D",7b6749a4-bd76-443d-9bb5-e2fa6011ca4b,Park: MusicID Top 200 (2000-2020)
124,OneRepublic,Counting Stars,2014,|4||R||,|BbM||R||,$turnaround,,4 R,"C, D",7b6749a4-bd76-443d-9bb5-e2fa6011ca4b,Park: MusicID Top 200 (2000-2020)
124,OneRepublic,Counting Stars,2014,$a*2 $turnaround,,$PCh,,,"C, D",7b6749a4-bd76-443d-9bb5-e2fa6011ca4b,Park: MusicID Top 200 (2000-2020)
124,OneRepublic,Counting Stars,2014,$a*4,,$Ch,,,"C, D",7b6749a4-bd76-443d-9bb5-e2fa6011ca4b,Park: MusicID Top 200 (2000-2020)
124,OneRepublic,Counting Stars,2014,$a $turnaround,,$PCh_2,,,"C, D",7b6749a4-bd76-443d-9bb5-e2fa6011ca4b,Park: MusicID Top 200 (2000-2020)
124,OneRepublic,Counting Stars,2014,|R||||||||||4|2-|R|,|R||||||||||BbM|Gm|R|,$bridge,,R 4 2- R,"C, D",7b6749a4-bd76-443d-9bb5-e2fa6011ca4b,Park: MusicID Top 200 (2000-2020)
124,OneRepublic,Counting Stars,2014,|6-|1|5|R|,|Dm|FM|CM|R|,$ending,,6- 1 5 R,"C, D",7b6749a4-bd76-443d-9bb5-e2fa6011ca4b,Park: MusicID Top 200 (2000-2020)
124,OneRepublic,Counting Stars,2014,$a $ending,,$outro,,,"C, D",7b6749a4-bd76-443d-9bb5-e2fa6011ca4b,Park: MusicID Top 200 (2000-2020)
464,Savage Garden ,Crash and Burn ,2000,$In $Vr*2 $PCh $Ch $link $Vr $PCh $Ch $bridge $instr $Vr $Ch*2 $PostCh $fadeout,,S,,,D-CLP,6ab1ff1c-df5c-410d-a804-ba6388dbb8c6,Richards
464,Savage Garden ,Crash and Burn ,2000,|1||||,|EM||||,$vamp,One,1,D-CLP,6ab1ff1c-df5c-410d-a804-ba6388dbb8c6,Richards
464,Savage Garden ,Crash and Burn ,2000,| 1 || 5 || 6- || 4 ||,|EM||BM||C#m||AM||,"$a, $link",Axis-C,1 5 6- 4,D-CLP,6ab1ff1c-df5c-410d-a804-ba6388dbb8c6,Richards
464,Savage Garden ,Crash and Burn ,2000,$vamp $a*2,,$In,,,D-CLP,6ab1ff1c-df5c-410d-a804-ba6388dbb8c6,Richards
464,Savage Garden ,Crash and Burn ,2000,$a*2,,"$Vr, $instr",,,D-CLP,6ab1ff1c-df5c-410d-a804-ba6388dbb8c6,Richards
464,Savage Garden ,Crash and Burn ,2000,|6-||4 |5|,|C#m||AM| BM|,$b,Plateau: lower incomplete neighbor,6- 4 5,D-CLP,6ab1ff1c-df5c-410d-a804-ba6388dbb8c6,Richards
464,Savage Garden ,Crash and Burn ,2000,|6-|| . b7 . . | . 4 . . |,|C#m|| . DM . . | . AM . . |,$b_cad,,6- b7  4,D-CLP,6ab1ff1c-df5c-410d-a804-ba6388dbb8c6,Richards
464,Savage Garden ,Crash and Burn ,2000,$b $b_cad,,$PCh,,,D-CLP,6ab1ff1c-df5c-410d-a804-ba6388dbb8c6,Richards
464,Savage Garden ,Crash and Burn ,2000,|1||5| 4|,|EM||BM| AM|,$c,One Five Four,1 5 4,D-CLP,6ab1ff1c-df5c-410d-a804-ba6388dbb8c6,Richards
464,Savage Garden ,Crash and Burn ,2000,|1||6- | 5|,|EM||C#m| BM|,$c_cad,,1 6- 5,D-CLP,6ab1ff1c-df5c-410d-a804-ba6388dbb8c6,Richards
464,Savage Garden ,Crash and Burn ,2000,$c $c_cad,,"$cc, $bridge",,,D-CLP,6ab1ff1c-df5c-410d-a804-ba6388dbb8c6,Richards
464,Savage Garden ,Crash and Burn ,2000,$cc*2,,"$Ch, $PostCh, $fadeout",,,D-CLP,6ab1ff1c-df5c-410d-a804-ba6388dbb8c6,Richards
153,Luke Bryan ,Crash My Party ,2013,$In $Vr*2 $PCh $Ch $link $Vr $PCh $Ch $instr $PCh_2 $Ch $PostCh $ending,,S,,,D,95580e44-4458-4a83-90fa-a1f92096afe2,Richards
153,Luke Bryan ,Crash My Party ,2013,|4 | 1 | 6- | 5 |,|CM|GM|Em|DM|,"$a, $link",Four One Six Five,4 1 6- 5,D,95580e44-4458-4a83-90fa-a1f92096afe2,Richards
153,Luke Bryan ,Crash My Party ,2013,$a*2,,"$In, $instr, $PostCh",,,D,95580e44-4458-4a83-90fa-a1f92096afe2,Richards
153,Luke Bryan ,Crash My Party ,2013,| 6| 4 | 1 | 5 |,|Em|CM|GM|DM|,$b,,6 4 1 5,D,95580e44-4458-4a83-90fa-a1f92096afe2,Richards
153,Luke Bryan ,Crash My Party ,2013,$b*2,,$Vr,,,D,95580e44-4458-4a83-90fa-a1f92096afe2,Richards
153,Luke Bryan ,Crash My Party ,2013,|4|5|6-|7o|,|CM| DM| Em| F#o|,$c,,4 5 6-7o,D,95580e44-4458-4a83-90fa-a1f92096afe2,Richards
153,Luke Bryan ,Crash My Party ,2013,|4|1|2-||,|CM| GM| Am||,$c_turnaround,,4 1 2-,D,95580e44-4458-4a83-90fa-a1f92096afe2,Richards
153,Luke Bryan ,Crash My Party ,2013,$c $c_turnaround,,$PCh,,,D,95580e44-4458-4a83-90fa-a1f92096afe2,Richards
153,Luke Bryan ,Crash My Party ,2013,$a*4,,$Ch,,,D,95580e44-4458-4a83-90fa-a1f92096afe2,Richards
153,Luke Bryan ,Crash My Party ,2013,|4 | 1 | 6- | 5 ||,|CM|DM|Em|DM||,$PCh_2,Four One Six Five,4 1 6- 5,D,95580e44-4458-4a83-90fa-a1f92096afe2,Richards
153,Luke Bryan ,Crash My Party ,2013,|4||||||||||||||||,|CM||||||||||||||||,$ending,Four,4,D,95580e44-4458-4a83-90fa-a1f92096afe2,Richards
350,Gnarls Barkley ,Crazy ,2006,$In $Vr*2 $hook $turnaround $Vr $hook $turnaround $Vr $hook $turnaround $ending,,S,,,"B, C",be4b141c-4ab0-3552-9c93-63297518f25f,"Richards, Park: MusicID Top 200 (2000-2020)"
350,Gnarls Barkley ,Crazy ,2006,|6-||,|Cm||,$In,Six,6-,"B, C",be4b141c-4ab0-3552-9c93-63297518f25f,"Richards, Park: MusicID Top 200 (2000-2020)"
350,Gnarls Barkley ,Crazy ,2006,|6-||||1||||4||||3||||,|Cm||||EbM||||AbM||||GM||||,"$Vr, $Ch",,6- 1 4 3,"B, C",be4b141c-4ab0-3552-9c93-63297518f25f,"Richards, Park: MusicID Top 200 (2000-2020)"
350,Gnarls Barkley ,Crazy ,2006,|6||||4||||1||||3||||,|CM||||AbM||||EbM||||GM||||,$turnaround,,6 4 1 3,"B, C",be4b141c-4ab0-3552-9c93-63297518f25f,"Richards, Park: MusicID Top 200 (2000-2020)"
350,Gnarls Barkley ,Crazy ,2006,|6-||||,|Cm||||,$ending,Six,6-,"B, C",be4b141c-4ab0-3552-9c93-63297518f25f,"Richards, Park: MusicID Top 200 (2000-2020)"
224,Eli Young Band ,Crazy Girl ,2011,$Vr $Ch $link $Vr $Ch $instr $Ch*2 $PostCh $ending,,S,,,"B-CLP, C-CLP",ec4702f3-093b-451b-8ebf-4d8095aca50d,Richards
224,Eli Young Band ,Crazy Girl ,2011,| 6- | 4 | 1 | 5 |,|C#m|AM|EM|BM|,$a,Axis-A,6- 4 1 5,"B-CLP, C-CLP",ec4702f3-093b-451b-8ebf-4d8095aca50d,Richards
224,Eli Young Band ,Crazy Girl ,2011,| 6- | 4 | 1 | 3-|,|C#m|AM|EM|G#m|,$a_sub,Axis-A-sub3-,6- 4 1 3-,"B-CLP, C-CLP",ec4702f3-093b-451b-8ebf-4d8095aca50d,Richards
224,Eli Young Band ,Crazy Girl ,2011,$a $a_sub,,$Vr,,,"B-CLP, C-CLP",ec4702f3-093b-451b-8ebf-4d8095aca50d,Richards
224,Eli Young Band ,Crazy Girl ,2011,|4 1 |5|,|AM EM|BM|,$b,Closed Double Plagal,4 1 5,"B-CLP, C-CLP",ec4702f3-093b-451b-8ebf-4d8095aca50d,Richards
224,Eli Young Band ,Crazy Girl ,2011,|2-|5|,|F#m|BM|,$b_cad,Dorian Shuttle,2- 5,"B-CLP, C-CLP",ec4702f3-093b-451b-8ebf-4d8095aca50d,Richards
224,Eli Young Band ,Crazy Girl ,2011,$b*3 $b_cad,,$Ch,,,"B-CLP, C-CLP",ec4702f3-093b-451b-8ebf-4d8095aca50d,Richards
224,Eli Young Band ,Crazy Girl ,2011,|1||,|EM||,"$link, $ending",One,1,"B-CLP, C-CLP",ec4702f3-093b-451b-8ebf-4d8095aca50d,Richards
224,Eli Young Band ,Crazy Girl ,2011,|4||5||,|AM||BM||,$c,Plateau Shuttle,4 5,"B-CLP, C-CLP",ec4702f3-093b-451b-8ebf-4d8095aca50d,Richards
224,Eli Young Band ,Crazy Girl ,2011,$c*2,,$instr,,,"B-CLP, C-CLP",ec4702f3-093b-451b-8ebf-4d8095aca50d,Richards
224,Eli Young Band ,Crazy Girl ,2011,|1||4||,|EM||AM||,$d,Ionian-plagal,1 4,"B-CLP, C-CLP",ec4702f3-093b-451b-8ebf-4d8095aca50d,Richards
224,Eli Young Band ,Crazy Girl ,2011,$d*4,,$PostCh,,,"B-CLP, C-CLP",ec4702f3-093b-451b-8ebf-4d8095aca50d,Richards
404,Beyoncé & Jay-Z,Crazy In Love,2003,$hook*3 $In $hook $Vr $Ch $In $Vr $Ch_2 $Vr $hook $Vr $Ch_3 $Vr_2 $Ch*2 $fadeout,,S,,,C,e526fb3d-f0e7-325e-a934-546a9e82b5ce,Park: MusicID Top 200 (2000-2020)
404,Beyoncé & Jay-Z,Crazy In Love,2003,|4||2-||,|BbM||Gm||,"$a, $hook, $fadeout",,4 2-,C,e526fb3d-f0e7-325e-a934-546a9e82b5ce,Park: MusicID Top 200 (2000-2020)
404,Beyoncé & Jay-Z,Crazy In Love,2003,|6-||||,|Dm||||,$b,Six,6-,C,e526fb3d-f0e7-325e-a934-546a9e82b5ce,Park: MusicID Top 200 (2000-2020)
404,Beyoncé & Jay-Z,Crazy In Love,2003,$b*2,,"$In, $Vr_2",,,C,e526fb3d-f0e7-325e-a934-546a9e82b5ce,Park: MusicID Top 200 (2000-2020)
404,Beyoncé & Jay-Z,Crazy In Love,2003,$b*4,,$Vr,,,C,e526fb3d-f0e7-325e-a934-546a9e82b5ce,Park: MusicID Top 200 (2000-2020)
404,Beyoncé & Jay-Z,Crazy In Love,2003,$a*4,,$Ch,,,C,e526fb3d-f0e7-325e-a934-546a9e82b5ce,Park: MusicID Top 200 (2000-2020)
404,Beyoncé & Jay-Z,Crazy In Love,2003,$a*5,,$Ch_2,,,C,e526fb3d-f0e7-325e-a934-546a9e82b5ce,Park: MusicID Top 200 (2000-2020)
404,Beyoncé & Jay-Z,Crazy In Love,2003,$a*3,,$Ch_3,,,C,e526fb3d-f0e7-325e-a934-546a9e82b5ce,Park: MusicID Top 200 (2000-2020)
7,Tones And I,Dance Monkey,2019,$In $Vr $PCh $Ch $Vr $PCh $Ch*2 $bridge $DCh $PostCh $bridge $Ch*2 ,,S,,,B,233d58f7-aba4-405a-8cd3-4adb344bd333,Park: MusicID Top 200 (2000-2020)
7,Tones And I,Dance Monkey,2019,|6-|4|5|3-|,|F#m|DM|EM|C#m|,"$a, $In",,6- 4 5 3-,B,233d58f7-aba4-405a-8cd3-4adb344bd333,Park: MusicID Top 200 (2000-2020)
7,Tones And I,Dance Monkey,2019,$a*2,,"$Vr, $Ch",,,B,233d58f7-aba4-405a-8cd3-4adb344bd333,Park: MusicID Top 200 (2000-2020)
7,Tones And I,Dance Monkey,2019,|6-|4|5|3- R . .|,|F#m|DM|EM|C#m R . .|,$a_drop,,6- 4 5 3- R,B,233d58f7-aba4-405a-8cd3-4adb344bd333,Park: MusicID Top 200 (2000-2020)
7,Tones And I,Dance Monkey,2019,$a $a_drop,,"$PCh, $bridge",,,B,233d58f7-aba4-405a-8cd3-4adb344bd333,Park: MusicID Top 200 (2000-2020)
8,Sam Smith & Normami,Dancing With a Stranger,2019,$In $Vr*2 $Ch $PostCh $Vr $Ch $DCh $bridge $Ch ,,S,,,B-CLP,deef617e-cbf0-4bd0-a308-8cba969d3054,Duinker
8,Sam Smith & Normami,Dancing With a Stranger,2019,|4| . 5 |6-|1|,|DbM| . EbM |Fm|AbM|,"$a, $In, $PostCh",Plateau: ascending passing loop,4 5 6- 1,B-CLP,deef617e-cbf0-4bd0-a308-8cba969d3054,Duinker
8,Sam Smith & Normami,Dancing With a Stranger,2019,|4| . 3- |6-|1|,|DbM| . Cm |Fm|AbM|,$a_sub,,4 3- 6- 1,B-CLP,deef617e-cbf0-4bd0-a308-8cba969d3054,Duinker
8,Sam Smith & Normami,Dancing With a Stranger,2019,$a*2,,"$Vr, $DCh",,,B-CLP,deef617e-cbf0-4bd0-a308-8cba969d3054,Duinker
8,Sam Smith & Normami,Dancing With a Stranger,2019,$a $a_sub,,"$Ch, $bridge",,,B-CLP,deef617e-cbf0-4bd0-a308-8cba969d3054,Duinker
60,Ariana Grande,Dangerous Woman,2016,$In $Vr $PCh $Ch $Vr $PCh $Ch $Ch_2 $instr $Ch $Ch_2 $PostCh ,,S,,,A,abb0e248-2ba3-4994-9e71-f0c8d5797eb1,Peres
60,Ariana Grande,Dangerous Woman,2016,|6-|1|4||,|Em|GM|CM||,"$a, $In, $PCh",,6- 1 4,A,abb0e248-2ba3-4994-9e71-f0c8d5797eb1,Peres
60,Ariana Grande,Dangerous Woman,2016,$a*2,,"$Vr, $Ch, $Ch_2, $instr, $PostCh",,,A,abb0e248-2ba3-4994-9e71-f0c8d5797eb1,Peres
155,Maroon 5,Daylight ,2013,$Vr $PCh $Ch $DCh $Vr $PCh_short $Ch $DCh $bridge $Ch*2 $DCh*2,,S,,,D-CLP,72d4ddea-ed19-486d-945f-a19a49e62550,Richards
155,Maroon 5,Daylight ,2013,|1||||||||,|DM||||||||,$Vr,One,1,D-CLP,72d4ddea-ed19-486d-945f-a19a49e62550,Richards
155,Maroon 5,Daylight ,2013,|1|4|6-|4|,|DM|GM|Bm|GM|,$a,,1 4 6- 4,D-CLP,72d4ddea-ed19-486d-945f-a19a49e62550,Richards
155,Maroon 5,Daylight ,2013,|1|4|6-|4||,|DM|GM|Bm|GM||,$a_turnaround,,1 4 6- 4,D-CLP,72d4ddea-ed19-486d-945f-a19a49e62550,Richards
155,Maroon 5,Daylight ,2013,|1|6-|4|1|,|DM|Bm|GM|DM|,$b,,1 6- 4 1,D-CLP,72d4ddea-ed19-486d-945f-a19a49e62550,Richards
155,Maroon 5,Daylight ,2013,$a $a_turnaround,,$PCh,,,D-CLP,72d4ddea-ed19-486d-945f-a19a49e62550,Richards
155,Maroon 5,Daylight ,2013,$b*2,,"$Ch, $DCh",,,D-CLP,72d4ddea-ed19-486d-945f-a19a49e62550,Richards
155,Maroon 5,Daylight ,2013,$b*2,,$DCh,,,D-CLP,72d4ddea-ed19-486d-945f-a19a49e62550,Richards
155,Maroon 5,Daylight ,2013,$a*2,,$PCh_short,,,D-CLP,72d4ddea-ed19-486d-945f-a19a49e62550,Richards
155,Maroon 5,Daylight ,2013,|5|6-|4|1|,|AM|Bm|GM|DM|,$c,Axis-G,5 6- 4 1,D-CLP,72d4ddea-ed19-486d-945f-a19a49e62550,Richards
155,Maroon 5,Daylight ,2013,|5|6-|4||R|,|AM|Bm|GM||R|,$c_turnaround,,5 6- 4 R,D-CLP,72d4ddea-ed19-486d-945f-a19a49e62550,Richards
155,Maroon 5,Daylight ,2013,$c $c_turnaround,,$bridge,,,D-CLP,72d4ddea-ed19-486d-945f-a19a49e62550,Richards
156,Imagine Dragons ,Demons ,2013,$Vr $PCh $Ch $Vr $PCh $Ch $bridge $Ch,,S,,,A,42462391-3cdb-4af6-8a6c-386021ea6d6c,Richards
156,Imagine Dragons ,Demons ,2013,| 1 | 5 | 6- | 4 |,|EM|BM|C#m|AM|,$a,Axis-C,1 5 6- 4,A,42462391-3cdb-4af6-8a6c-386021ea6d6c,Richards
156,Imagine Dragons ,Demons ,2013,$a*2,,"$Vr, $PCh, $Ch, $bridge",,,A,42462391-3cdb-4af6-8a6c-386021ea6d6c,Richards
46,Luis Fonsi & Daddy Yankee,Despacito,2017,$In $Vr $Vr $Ch $Ch_2 $Vr $Vr $Ch $Ch_2 $PostCh,,S,,,A,a9b23c53-856d-4e4f-bf43-18fd8e12747f,Park: MusicID Top 200 (2000-2020)
46,Luis Fonsi & Daddy Yankee,Despacito,2017,| 6- || 4 || 1 || 5 ||,|Bm||GM||DM||AM||,"$a, $In",Axis-A,6- 4 1 5,A,a9b23c53-856d-4e4f-bf43-18fd8e12747f,Park: MusicID Top 200 (2000-2020)
46,Luis Fonsi & Daddy Yankee,Despacito,2017,$a*2,,"$Vr, $Ch, $Ch_2, $PostCh",,,A,a9b23c53-856d-4e4f-bf43-18fd8e12747f,Park: MusicID Top 200 (2000-2020)
420,Nelly & Kelly Rowland,Dilemma,2002,$In $hook $Vr $Vr $hook $Vr*2 $Vr $hook $bridge $hook $PostCh $hook $fadeout,,S,,,A,80ef0256-ef7e-3e77-bc68-d464ea06ef76,Park: MusicID Top 200 (2000-2020)
420,Nelly & Kelly Rowland,Dilemma,2002,|2-|5|3-|6-|,|Gm|CM|Am|Dm|,$a,,2- 5 3- 6-,A,80ef0256-ef7e-3e77-bc68-d464ea06ef76,Park: MusicID Top 200 (2000-2020)
420,Nelly & Kelly Rowland,Dilemma,2002,$a*4,,"$In, $hook, $PostCh, $fadeout",,,A,80ef0256-ef7e-3e77-bc68-d464ea06ef76,Park: MusicID Top 200 (2000-2020)
420,Nelly & Kelly Rowland,Dilemma,2002,$a*2,,$Vr,,,A,80ef0256-ef7e-3e77-bc68-d464ea06ef76,Park: MusicID Top 200 (2000-2020)
420,Nelly & Kelly Rowland,Dilemma,2002,$a*6,,$bridge,,,A,80ef0256-ef7e-3e77-bc68-d464ea06ef76,Park: MusicID Top 200 (2000-2020)
351,The All-American Rejects ,Dirty Little Secret ,2006,$In $Vr $PCh $Ch $Vr $PCh $Ch $bridge $link $Ch_2 $Ch_3,,S,,,D,448bd3a2-9224-4597-aa20-0eb3c6e05df1,Richards
351,The All-American Rejects ,Dirty Little Secret ,2006,|1|b7|,|BbM|AbM|,$a,,1 b7,D,448bd3a2-9224-4597-aa20-0eb3c6e05df1,Richards
351,The All-American Rejects ,Dirty Little Secret ,2006,|1|b7||,|BbM|AbM||,$a_turnaround,,1 b7,D,448bd3a2-9224-4597-aa20-0eb3c6e05df1,Richards
351,The All-American Rejects ,Dirty Little Secret ,2006,$a*3 $a_turnaround,,$In,,,D,448bd3a2-9224-4597-aa20-0eb3c6e05df1,Richards
351,The All-American Rejects ,Dirty Little Secret ,2006,| 1 | 5 | 6- | 4 |,|BbM|FM|Gm|EbM|,$b,Axis-C,1 5 6- 4,D,448bd3a2-9224-4597-aa20-0eb3c6e05df1,Richards
351,The All-American Rejects ,Dirty Little Secret ,2006,$b*2,,$Vr,,,D,448bd3a2-9224-4597-aa20-0eb3c6e05df1,Richards
351,The All-American Rejects ,Dirty Little Secret ,2006,|2-||6-||4||5||,|Cm||Gm||EbM||FM||,$PCh,,2- 6- 4 5,D,448bd3a2-9224-4597-aa20-0eb3c6e05df1,Richards
351,The All-American Rejects ,Dirty Little Secret ,2006,|1|4|6-|5|,|BbM|EbM|Gm|FM|,$c,,1 4 6- 5,D,448bd3a2-9224-4597-aa20-0eb3c6e05df1,Richards
351,The All-American Rejects ,Dirty Little Secret ,2006,|4||,|Ebm||,$c_turnaround,Four,4,D,448bd3a2-9224-4597-aa20-0eb3c6e05df1,Richards
351,The All-American Rejects ,Dirty Little Secret ,2006,$c*2 $c_turnaround,,$Ch,,,D,448bd3a2-9224-4597-aa20-0eb3c6e05df1,Richards
351,The All-American Rejects ,Dirty Little Secret ,2006,|6-| . 5|4| . 1|,|Gm| . FM|EbM| . BbM|,$d,,6- 5 4 1,D,448bd3a2-9224-4597-aa20-0eb3c6e05df1,Richards
351,The All-American Rejects ,Dirty Little Secret ,2006,|6-| . 5|4||,|Gm| . FM|EbM||,$dd,Plateau: Reverse open passing loop,6- 5 4,D,448bd3a2-9224-4597-aa20-0eb3c6e05df1,Richards
351,The All-American Rejects ,Dirty Little Secret ,2006,|1||2-||,|BbM||Cm||,$e,,1 2-,D,448bd3a2-9224-4597-aa20-0eb3c6e05df1,Richards
351,The All-American Rejects ,Dirty Little Secret ,2006,$d $dd $e,,$bridge,,,D,448bd3a2-9224-4597-aa20-0eb3c6e05df1,Richards
351,The All-American Rejects ,Dirty Little Secret ,2006,$a*4,,$link,,,D,448bd3a2-9224-4597-aa20-0eb3c6e05df1,Richards
351,The All-American Rejects ,Dirty Little Secret ,2006,$c*2,,$Ch_2,,,D,448bd3a2-9224-4597-aa20-0eb3c6e05df1,Richards
351,The All-American Rejects ,Dirty Little Secret ,2006,|4|5|6-|7|,|EbM|FM|Gm|AbM|,$c_turnaround_2,,4 5 6- 7,D,448bd3a2-9224-4597-aa20-0eb3c6e05df1,Richards
351,The All-American Rejects ,Dirty Little Secret ,2006,$c*2 $c_turnaround_2,,$Ch_3,,,D,448bd3a2-9224-4597-aa20-0eb3c6e05df1,Richards
351,The All-American Rejects ,Dirty Little Secret ,2006,|1|b7 . . 5||||,|BbM|AbM . . FM||||,$a_cadence,,1 b7 5,D,448bd3a2-9224-4597-aa20-0eb3c6e05df1,Richards
351,The All-American Rejects ,Dirty Little Secret ,2006,$a $a_cadence,,$outro,,,D,448bd3a2-9224-4597-aa20-0eb3c6e05df1,Richards
261,Usher,DJ Got Us Falling In Love Again,2010,$In $Vr $PCh $Ch $Vr $PCh $Ch $bridge $link $Ch*2 $ending,,S,,,"B, C",31297fdc-eaaf-46ab-a86b-61ce48fc7a4b,Peres
261,Usher,DJ Got Us Falling In Love Again,2010,|6-|5|4||,|Gm|FM|EbM||,"$a, $In, $PCh, $link",Plateau: Reverse open passing loop,6- 5 4,"B, C",31297fdc-eaaf-46ab-a86b-61ce48fc7a4b,Peres
261,Usher,DJ Got Us Falling In Love Again,2010,$a*2,,$Vr,,,"B, C",31297fdc-eaaf-46ab-a86b-61ce48fc7a4b,Peres
261,Usher,DJ Got Us Falling In Love Again,2010,$a*4,,$Ch,,,"B, C",31297fdc-eaaf-46ab-a86b-61ce48fc7a4b,Peres
261,Usher,DJ Got Us Falling In Love Again,2010,|6-||||||||,|Gm||||||||,$bridge,Six,6-,"B, C",31297fdc-eaaf-46ab-a86b-61ce48fc7a4b,Peres
261,Usher,DJ Got Us Falling In Love Again,2010,|6-|,|Gm|,$ending,Six,6-,"B, C",31297fdc-eaaf-46ab-a86b-61ce48fc7a4b,Peres
157,Daft Punk,Doin' It Right,2013,$hook*6 $Vr $Ch $hook $Vr $Ch*2 $link $Vr*2 $Ch*3 $Ch_outro,,S,,,A,4e4a5947-a6e5-4091-9b42-f7e9ba387c1b,Jinny Park: daft punk corpus
157,Daft Punk,Doin' It Right,2013,|2- . | . 1 |4 . | . 5|6- . . 5 ||4 ||,|G#m . | . F#M |BM . | . C#M|D#m . . C#M ||BM ||,"$hook, $Ch, $link",,2- 1 4 5 6- 5 4,A,4e4a5947-a6e5-4091-9b42-f7e9ba387c1b,Jinny Park: daft punk corpus
157,Daft Punk,Doin' It Right,2013,$a*2,,$Vr,,,A,4e4a5947-a6e5-4091-9b42-f7e9ba387c1b,Jinny Park: daft punk corpus
157,Daft Punk,Doin' It Right,2013,$a*2,,$Vr,,,A,4e4a5947-a6e5-4091-9b42-f7e9ba387c1b,Jinny Park: daft punk corpus
157,Daft Punk,Doin' It Right,2013,|R||||||||,|R||||||||,$Ch_outro,Rest,R,A,4e4a5947-a6e5-4091-9b42-f7e9ba387c1b,Jinny Park: daft punk corpus
421,Red Hot Chili Peppers ,Don't Forget Me,2002,$In $Vr $link $Vr $Ch $link $Vr $Ch*2 $bridge $Vr $Ch $outro $ending,,S,,,A,190fb0bd-ea7b-3ac5-8b01-82cddc21f73a,Richards
421,Red Hot Chili Peppers ,Don't Forget Me,2002,| 6- | 4 | 1 | 5 |,|Am|FM|CM|GM|,$a,Axis-A,6- 4 1 5,A,190fb0bd-ea7b-3ac5-8b01-82cddc21f73a,Richards
421,Red Hot Chili Peppers ,Don't Forget Me,2002,$a*2,,"$In, $Ch, $link, $outro",,,A,190fb0bd-ea7b-3ac5-8b01-82cddc21f73a,Richards
421,Red Hot Chili Peppers ,Don't Forget Me,2002,$a*4,,"$Vr, $bridge",,,A,190fb0bd-ea7b-3ac5-8b01-82cddc21f73a,Richards
421,Red Hot Chili Peppers ,Don't Forget Me,2002,| 6- | 4 |,|Am|FM|,$ending,Aeolian-Lydian Plateau Shuttle,6- 4,A,190fb0bd-ea7b-3ac5-8b01-82cddc21f73a,Richards
23,David Guetta featuring Anne-Marie,Don't Leave Me Alone,2018,$In $Vr $PCh $Ch $DCh $Vr $PCh $Ch $DCh $bridge $Ch*2 $outro,,S,,,B,aa9fab3c-cc54-4ef0-9b41-0cca33cf796d,"Adams 2019, Barna 2020"
23,David Guetta featuring Anne-Marie,Don't Leave Me Alone,2018,|1 2- |6- | 4 5|6-|,|GM Am|Em | CM DM|Em|,"$a, $In, $outro",,1 2- 6- 4 5 6-,B,aa9fab3c-cc54-4ef0-9b41-0cca33cf796d,"Adams 2019, Barna 2020"
23,David Guetta featuring Anne-Marie,Don't Leave Me Alone,2018,|1 2- |6- | 4 3-|6-|,|GM Am|Em | CM Bm|Em|,$a_sub,,1 2- 6- 4 3- 6-,B,aa9fab3c-cc54-4ef0-9b41-0cca33cf796d,"Adams 2019, Barna 2020"
23,David Guetta featuring Anne-Marie,Don't Leave Me Alone,2018,$a $a_sub,,$Vr,,,B,aa9fab3c-cc54-4ef0-9b41-0cca33cf796d,"Adams 2019, Barna 2020"
23,David Guetta featuring Anne-Marie,Don't Leave Me Alone,2018,$a*2,,"$PCh, $Ch, DCh",,,B,aa9fab3c-cc54-4ef0-9b41-0cca33cf796d,"Adams 2019, Barna 2020"
23,David Guetta featuring Anne-Marie,Don't Leave Me Alone,2018,|1 2- |6- | 4 5|R|,|GM Am|Em | CM DM|R|,$a_drop,,1 2- 6- 4 5 R,B,aa9fab3c-cc54-4ef0-9b41-0cca33cf796d,"Adams 2019, Barna 2020"
23,David Guetta featuring Anne-Marie,Don't Leave Me Alone,2018,$a $a_drop,,$bridge,,,B,aa9fab3c-cc54-4ef0-9b41-0cca33cf796d,"Adams 2019, Barna 2020"
373,The Pussycat Dolls,Don't Cha,2005,$In $Vr*2 $Ch*2 $Vr*2 $Ch*2 $bridge $Vr*2 $Ch*2 $fadeout,,S,,,A,285e7afa-e47f-31d8-bfa4-e8c1e8d3e879,Park: MusicID Top 200 (2000-2020)
373,The Pussycat Dolls,Don't Cha,2005,|2-||||6-||||,|Em||||Bm||||,"$a, $Vr, $Ch",,2- 6-,A,285e7afa-e47f-31d8-bfa4-e8c1e8d3e879,Park: MusicID Top 200 (2000-2020)
373,The Pussycat Dolls,Don't Cha,2005,$a*2,,$In,,,A,285e7afa-e47f-31d8-bfa4-e8c1e8d3e879,Park: MusicID Top 200 (2000-2020)
373,The Pussycat Dolls,Don't Cha,2005,|R||||||||,|R||||||||,"$a_drop, $fadeout",Rest,R,A,285e7afa-e47f-31d8-bfa4-e8c1e8d3e879,Park: MusicID Top 200 (2000-2020)
373,The Pussycat Dolls,Don't Cha,2005,$a $a_drop,,$bridge,,,A,285e7afa-e47f-31d8-bfa4-e8c1e8d3e879,Park: MusicID Top 200 (2000-2020)
61,The Chainsmokers feat. Daya ,Don't Let Me Down ,2016,$In $Vr*2 $PCh $DCh $Vr $PCh $DCh*2 $PostCh $PCh $Ch $outro,,S,,,C,fd881e93-c199-4c86-81a7-cabc044948d0,"Richards, Park: MusicID Top 200 (2000-2020)"
61,The Chainsmokers feat. Daya ,Don't Let Me Down ,2016,|4| 1| 5| 6-|,|EM| BM| F#M| G#m|,$a,Axis-F,4 1 5 6-,C,fd881e93-c199-4c86-81a7-cabc044948d0,"Richards, Park: MusicID Top 200 (2000-2020)"
61,The Chainsmokers feat. Daya ,Don't Let Me Down ,2016,$a*2,,"$In, $Vr, $PostCh, $outro",,,C,fd881e93-c199-4c86-81a7-cabc044948d0,"Richards, Park: MusicID Top 200 (2000-2020)"
61,The Chainsmokers feat. Daya ,Don't Let Me Down ,2016,|4| 1| 5| 6- R|,|EM| BM| F#M| G#m R|,$a_drop,,4 1 5 6- R,C,fd881e93-c199-4c86-81a7-cabc044948d0,"Richards, Park: MusicID Top 200 (2000-2020)"
61,The Chainsmokers feat. Daya ,Don't Let Me Down ,2016,$a*3 $a_drop,,$PCh,,,C,fd881e93-c199-4c86-81a7-cabc044948d0,"Richards, Park: MusicID Top 200 (2000-2020)"
61,The Chainsmokers feat. Daya ,Don't Let Me Down ,2016,|6-|||. 4 . . |,|G#m|||. EM . . |,$b,Aeolian-Lydian Plateau Shuttle,4 6-,C,fd881e93-c199-4c86-81a7-cabc044948d0,"Richards, Park: MusicID Top 200 (2000-2020)"
61,The Chainsmokers feat. Daya ,Don't Let Me Down ,2016,$b*2,,$DCh,,,C,fd881e93-c199-4c86-81a7-cabc044948d0,"Richards, Park: MusicID Top 200 (2000-2020)"
61,The Chainsmokers feat. Daya ,Don't Let Me Down ,2016,$a*4,,$Ch,,,C,fd881e93-c199-4c86-81a7-cabc044948d0,"Richards, Park: MusicID Top 200 (2000-2020)"
339,Akon ,Don't Matter ,2007,$In $hook $Vr*2 $hook $Vr*2 $hook $In $hook*2 $fadeout,,S,,,A,49017150-8a14-45f9-b3a0-038005c485f4,Richards
339,Akon ,Don't Matter ,2007,| 1 | 5 | 6- | 4 |,|BbM|FM|Gm|EbM,$a,Axis-C,1 5 6- 4,A,49017150-8a14-45f9-b3a0-038005c485f4,Richards
339,Akon ,Don't Matter ,2007,$a*4,,"$In, $hook, $fadeout",,,A,49017150-8a14-45f9-b3a0-038005c485f4,Richards
339,Akon ,Don't Matter ,2007,$a*2,,$Vr,,,A,49017150-8a14-45f9-b3a0-038005c485f4,Richards
312,Rihanna,Don't Stop The Music,2008,$hook $Vr*2 $PCh $Ch $Vr $PCh $Ch $PostCh $Ch $PostCh,,S,,,A,b7c8631c-6544-32c8-9ef3-529b464602a1,Park: MusicID Top 200 (2000-2020)
312,Rihanna,Don't Stop The Music,2008,|4|||| 6-||||,|DM|||| F#m||||,"$a, $Vr, $PCh",Lydian-Aeolian Plateau Shuttle,4 6-,A,b7c8631c-6544-32c8-9ef3-529b464602a1,Park: MusicID Top 200 (2000-2020)
312,Rihanna,Don't Stop The Music,2008,$a*2,,"$hook, $Ch, $PostCh",,,A,b7c8631c-6544-32c8-9ef3-529b464602a1,Park: MusicID Top 200 (2000-2020)
312,Rihanna,Don't Stop The Music,2008,|R||||,|R||||,$fadeout,Rest,R,A,b7c8631c-6544-32c8-9ef3-529b464602a1,Park: MusicID Top 200 (2000-2020)
389,Avril Lavigne ,Don't Tell Me ,2004,$In $Vr*2 $PCh $Ch $Vr*2 $PCh $Ch $bridge $Ch_ending,,S,,,D,bde40ccd-6250-342c-9c5f-0c3c6c426265,Richards
389,Avril Lavigne ,Don't Tell Me ,2004,|1|6-|5|4|,|EM| . C#m . . |BM| . AM . . |,$a,Axis-C-descent,1 6- 5 4,D,bde40ccd-6250-342c-9c5f-0c3c6c426265,Richards
389,Avril Lavigne ,Don't Tell Me ,2004,|6-|5|1|4|,|C#m|AM|EM|BM|,$b,Axis-A-reverse,6- 5 1 4,D,bde40ccd-6250-342c-9c5f-0c3c6c426265,Richards
389,Avril Lavigne ,Don't Tell Me ,2004,$a*2,,"$In, $Vr",,,D,bde40ccd-6250-342c-9c5f-0c3c6c426265,Richards
389,Avril Lavigne ,Don't Tell Me ,2004,|4||6-||4||5||,|AM||C#m||AM||BM||,$PCh,,4 6- 4 5,D,bde40ccd-6250-342c-9c5f-0c3c6c426265,Richards
389,Avril Lavigne ,Don't Tell Me ,2004,|2-||5||,|F#m||BM||,$b_cad,Dorian Shuttle,2- 5,D,bde40ccd-6250-342c-9c5f-0c3c6c426265,Richards
389,Avril Lavigne ,Don't Tell Me ,2004,$b*3 $b_cad,,$Ch,,,D,bde40ccd-6250-342c-9c5f-0c3c6c426265,Richards
389,Avril Lavigne ,Don't Tell Me ,2004,|4||1||2-||5||,|AM||EM||F#m||BM||,$bridge,,4 1 2- 5,D,bde40ccd-6250-342c-9c5f-0c3c6c426265,Richards
389,Avril Lavigne ,Don't Tell Me ,2004,|4||5||,|AM||BM||,$b_cad_2,Plateau Shuttle,4 5,D,bde40ccd-6250-342c-9c5f-0c3c6c426265,Richards
389,Avril Lavigne ,Don't Tell Me ,2004,$b*3 $b_cad_2*2,,$Ch_ending,,,D,bde40ccd-6250-342c-9c5f-0c3c6c426265,Richards
289,3OH!3,Don't Trust Me ,2009,$Vr $PCh $Ch $Vr $PCh $Ch $bridge $link $Ch $ending,,S,,,"C, D",97ff4bc9-12e5-428f-9964-2db7209c8db3,Richards
289,3OH!3,Don't Trust Me ,2009,|6-||4||2-||4||,|Gm||EbM||Cm||EbM||,"$a, $Vr",,6- 4 2- 4,"C, D",97ff4bc9-12e5-428f-9964-2db7209c8db3,Richards
289,3OH!3,Don't Trust Me ,2009,|6-||4||2-||4|R|,|Gm||EbM||Cm||EbM|R|,"$a_drop, $PCh",,6- 4 2- 4 R,"C, D",97ff4bc9-12e5-428f-9964-2db7209c8db3,Richards
289,3OH!3,Don't Trust Me ,2009,| 6- | 4 | 1 | 5 |,|Gm|EbM|BbM|FM|,"$b, $ending",Axis-A,6- 4 1 5,"C, D",97ff4bc9-12e5-428f-9964-2db7209c8db3,Richards
289,3OH!3,Don't Trust Me ,2009,$b*4,,$Ch,,,"C, D",97ff4bc9-12e5-428f-9964-2db7209c8db3,Richards
289,3OH!3,Don't Trust Me ,2009,|R||||,|R||||,$c,Rest,R,"C, D",97ff4bc9-12e5-428f-9964-2db7209c8db3,Richards
289,3OH!3,Don't Trust Me ,2009,$c*3,,$bridge,,,"C, D",97ff4bc9-12e5-428f-9964-2db7209c8db3,Richards
289,3OH!3,Don't Trust Me ,2009,$b*2,,$link,,,"C, D",97ff4bc9-12e5-428f-9964-2db7209c8db3,Richards
291,Jay Sean feat. Lil Wayne ,Down ,2009,$In $Vr $PCh $Ch $Vr $PCh $Ch $bridge $Ch $fadeout,,S,,,B-CLP,cdc4e3ff-bbc4-3ece-814c-598effa76369,Richards
291,Jay Sean feat. Lil Wayne ,Down ,2009,|4|6-|5|3-|,|GM|Bm|AM|F#m|,$a,Four Six Five Three,4 6- 5 3-,B-CLP,cdc4e3ff-bbc4-3ece-814c-598effa76369,Richards
291,Jay Sean feat. Lil Wayne ,Down ,2009,|4|1|5|6-|,|GM|DM|AM|BM|,$a_sub,Axis-F,4 1 5 6-,B-CLP,cdc4e3ff-bbc4-3ece-814c-598effa76369,Richards
291,Jay Sean feat. Lil Wayne ,Down ,2009,$a $a_sub*2,,$In,,,B-CLP,cdc4e3ff-bbc4-3ece-814c-598effa76369,Richards
291,Jay Sean feat. Lil Wayne ,Down ,2009,$a*2,,"$Vr, $PCh",,,B-CLP,cdc4e3ff-bbc4-3ece-814c-598effa76369,Richards
291,Jay Sean feat. Lil Wayne ,Down ,2009,$a_sub*4,,"$Ch, $fadeout",,,B-CLP,cdc4e3ff-bbc4-3ece-814c-598effa76369,Richards
291,Jay Sean feat. Lil Wayne ,Down ,2009,$a*2 $a_sub*2,,$bridge,,,B-CLP,cdc4e3ff-bbc4-3ece-814c-598effa76369,Richards
199,Train ,Drive By ,2012,$In $Vr $PCh $Ch $Vr $PCh $Ch $bridge $link $Ch*2 $ending,,S,,,D-CLP,ad4f4d27-d580-4df6-ad9e-332dd3992a83,Richards
199,Train ,Drive By ,2012,| 6- || 4|| 1 || 5 ||,|C#m||AM||EM||BM||,"$a, $link",Axis-A,6- 4 1 5,D-CLP,ad4f4d27-d580-4df6-ad9e-332dd3992a83,Richards
199,Train ,Drive By ,2012,|6-||||,|C#m||||,$In,Six,6-,D-CLP,ad4f4d27-d580-4df6-ad9e-332dd3992a83,Richards
199,Train ,Drive By ,2012,$a*2,,$Vr,,,D-CLP,ad4f4d27-d580-4df6-ad9e-332dd3992a83,Richards
199,Train ,Drive By ,2012,|2-||4||6-||5||,|F#m||AM||C#m||BM||,$b,Get Lucky,2- 4 6- 5,D-CLP,ad4f4d27-d580-4df6-ad9e-332dd3992a83,Richards
199,Train ,Drive By ,2012,|2-||4||6-||3||,|F#m||AM||C#m||G#M||,$b_cad,,2- 4 6- 3,D-CLP,ad4f4d27-d580-4df6-ad9e-332dd3992a83,Richards
199,Train ,Drive By ,2012,$b $b_cad,,$PCh,,,D-CLP,ad4f4d27-d580-4df6-ad9e-332dd3992a83,Richards
199,Train ,Drive By ,2012,|4||1||5||6-|5|,|AM||EM||BM||C#m|BM|,$c,,4 1 5 6- 5,D-CLP,ad4f4d27-d580-4df6-ad9e-332dd3992a83,Richards
199,Train ,Drive By ,2012,|4||1||5||3||,|AM||EM||BM||G#M||,$c_cad,,4 1 5 3,D-CLP,ad4f4d27-d580-4df6-ad9e-332dd3992a83,Richards
199,Train ,Drive By ,2012,|4||1||2-||3||,|AM||EM||F#m||G#M||,$c_turnaround,,4 1 2- 3,D-CLP,ad4f4d27-d580-4df6-ad9e-332dd3992a83,Richards
199,Train ,Drive By ,2012,$c $c_cad,,$cc,,,D-CLP,ad4f4d27-d580-4df6-ad9e-332dd3992a83,Richards
199,Train ,Drive By ,2012,$c $c_turnaround,,$cc_turnaround,,,D-CLP,ad4f4d27-d580-4df6-ad9e-332dd3992a83,Richards
199,Train ,Drive By ,2012,$cc $cc_turnaround,,$Ch,,,D-CLP,ad4f4d27-d580-4df6-ad9e-332dd3992a83,Richards
199,Train ,Drive By ,2012,|3-||6-||2-||5||3||2-||5||||,|G#m||C#m||F#m||BM||G#M||F#m||BM||||,$bridge,,3- 6- 2- 5 3 2- 5,D-CLP,ad4f4d27-d580-4df6-ad9e-332dd3992a83,Richards
199,Train ,Drive By ,2012,|4||,|AM||,$ending,Four,4,D-CLP,ad4f4d27-d580-4df6-ad9e-332dd3992a83,Richards
443,Train,Drops Of Jupiter (Tell Me),2001,$In $Vr*4 $Ch $link $Vr*3 $Ch $bridge $link_2 $Ch $outro,,S,,,C-CLP,c6373387-f4f4-4a0a-b025-2afcb8d2daab,Park: MusicID Top 200 (2000-2020)
443,Train,Drops Of Jupiter (Tell Me),2001,|1||5||4||||,|CM||GM||FM||||,"$a, $In, $Vr, $link",One Five Four,1 5 4,C-CLP,c6373387-f4f4-4a0a-b025-2afcb8d2daab,Park: MusicID Top 200 (2000-2020)
443,Train,Drops Of Jupiter (Tell Me),2001,|5| . . . 6 |2||4||1||,|GM| . . . AM |DM||FM||CM||,"$b, $link_2",,5 6 2 4 1,C-CLP,c6373387-f4f4-4a0a-b025-2afcb8d2daab,Park: MusicID Top 200 (2000-2020)
443,Train,Drops Of Jupiter (Tell Me),2001,|5| . . . 6 |2||2-||4||,|GM| . . . AM |DM||Dm||FM||,$b_cad,,5 6 2 2- 4,C-CLP,c6373387-f4f4-4a0a-b025-2afcb8d2daab,Park: MusicID Top 200 (2000-2020)
443,Train,Drops Of Jupiter (Tell Me),2001,$b $b_cad,,$Ch,,,C-CLP,c6373387-f4f4-4a0a-b025-2afcb8d2daab,Park: MusicID Top 200 (2000-2020)
443,Train,Drops Of Jupiter (Tell Me),2001,|1||5||b7||4||,|CM||GM||BbM||FM||,$a_turnaround,,1 5 b7 4,C-CLP,c6373387-f4f4-4a0a-b025-2afcb8d2daab,Park: MusicID Top 200 (2000-2020)
443,Train,Drops Of Jupiter (Tell Me),2001,$a*2 $a_turnaround,,"$bridge, $outro",,,C-CLP,c6373387-f4f4-4a0a-b025-2afcb8d2daab,Park: MusicID Top 200 (2000-2020)
200,Luke Bryan ,Drunk on You ,2012,$In_1 $In_2 $Vr $Ch $link $Vr $Ch $bridge $Ch $outro $fadeout,,S,,,B-CLP,4c7358f3-346a-469a-bbcb-192c061b4e68,Richards
200,Luke Bryan ,Drunk on You ,2012,|4||||,|DM||||,$In_1,Four,4,B-CLP,4c7358f3-346a-469a-bbcb-192c061b4e68,Richards
200,Luke Bryan ,Drunk on You ,2012,|4| . 1 . . |5| . 6- . . |,|DM| . AM . . |EM| . F#m . . |,$a,Axis-F,4 1 5 6-,B-CLP,4c7358f3-346a-469a-bbcb-192c061b4e68,Richards
200,Luke Bryan ,Drunk on You ,2012,|4| . 1 . . |5||,|DM| . AM . . |EM||,"$a_cad, $link",Closed Double Plagal,4 1 5,B-CLP,4c7358f3-346a-469a-bbcb-192c061b4e68,Richards
200,Luke Bryan ,Drunk on You ,2012,$a $a_cad,,"$In_2, $outro",,,B-CLP,4c7358f3-346a-469a-bbcb-192c061b4e68,Richards
200,Luke Bryan ,Drunk on You ,2012,|6-| . 1 . . |5| . 1 . . |6-| . 4 . . |,|F#m| . AM . . |EM| . AM . . |F#m| . DM . . |,$b,,6- 1 5 1 6- 4,B-CLP,4c7358f3-346a-469a-bbcb-192c061b4e68,Richards
200,Luke Bryan ,Drunk on You ,2012,$b*2,,$Vr,,,B-CLP,4c7358f3-346a-469a-bbcb-192c061b4e68,Richards
200,Luke Bryan ,Drunk on You ,2012,|4|1|5|6-|,|DM|AM|EM|F#m|,$aa,Axis-F,4 1 5 6-,B-CLP,4c7358f3-346a-469a-bbcb-192c061b4e68,Richards
200,Luke Bryan ,Drunk on You ,2012,|4|1|5||,|DM|AM|EM||,$aa_cad,Closed Double Plagal,4 1 5,B-CLP,4c7358f3-346a-469a-bbcb-192c061b4e68,Richards
200,Luke Bryan ,Drunk on You ,2012,|4|5|,|DM|EM|,$aa_turnaround,Plateau Shuttle,4 5,B-CLP,4c7358f3-346a-469a-bbcb-192c061b4e68,Richards
200,Luke Bryan ,Drunk on You ,2012,$aa $aa_cad ,,$a_ch,,,B-CLP,4c7358f3-346a-469a-bbcb-192c061b4e68,Richards
200,Luke Bryan ,Drunk on You ,2012,$a_ch*2 $aa_turnaround,,$Ch,,,B-CLP,4c7358f3-346a-469a-bbcb-192c061b4e68,Richards
200,Luke Bryan ,Drunk on You ,2012,$a_ch $In_1*2,,$bridge,,,B-CLP,4c7358f3-346a-469a-bbcb-192c061b4e68,Richards
200,Luke Bryan ,Drunk on You ,2012,|4||||,|EM||||,$fadeout,Four,4,B-CLP,4c7358f3-346a-469a-bbcb-192c061b4e68,Richards
262,Taio Cruz,Dynamite,2010,$In $Vr $PCh $Ch_1 $Ch_2 $Vr $PCh $Ch_1 $Ch_2 $bridge $link $Ch_1 $Ch_2,,S,,,C,f17e437d-d71f-404b-b270-0a0c180b6482,Peres
262,Taio Cruz,Dynamite,2010,|6- . . 5||1 . . 4||,|C#m . . BM||EM . . AM||,$a,Axis-A-reverse,6- 5 1 4,C,f17e437d-d71f-404b-b270-0a0c180b6482,Peres
262,Taio Cruz,Dynamite,2010,|R||||||||,|R||||||||,$In,Rest,R,C,f17e437d-d71f-404b-b270-0a0c180b6482,Peres
262,Taio Cruz,Dynamite,2010,$a*4,,"$Vr, $Ch_1, $Ch_2",,,C,f17e437d-d71f-404b-b270-0a0c180b6482,Peres
262,Taio Cruz,Dynamite,2010,$a*2,,"$PCh, $link",,,C,f17e437d-d71f-404b-b270-0a0c180b6482,Peres
262,Taio Cruz,Dynamite,2010,|3- . . 6-||4 . . 5||,|G#m . . C#m||AM . . BM||,$b,,3- 6- 4 5,C,f17e437d-d71f-404b-b270-0a0c180b6482,Peres
262,Taio Cruz,Dynamite,2010,|5||||,|BM||||,$turnaround,Five,5,C,f17e437d-d71f-404b-b270-0a0c180b6482,Peres
262,Taio Cruz,Dynamite,2010,$b*4 $turnaround,,$bridge,,,C,f17e437d-d71f-404b-b270-0a0c180b6482,Peres
77,The Weeknd,Earned It,2015,$In $Vr $Vr $PCh $Ch $Vr $Vr $PCh $Ch $link $PostCh $outro,,S,,,D-CLP,eb077171-ed76-43fb-ae6a-bbb0e4adbbdd,Peres
77,The Weeknd,Earned It,2015,|2-||||6-||||,|Gm||||Dm||||,"$a, $In, $Vr, $link",,2- 6-,D-CLP,eb077171-ed76-43fb-ae6a-bbb0e4adbbdd,Peres
77,The Weeknd,Earned It,2015,$a*2,,"$PCh, $Ch",,,D-CLP,eb077171-ed76-43fb-ae6a-bbb0e4adbbdd,Peres
77,The Weeknd,Earned It,2015,|6- | 1|2||,|Dm | FM|GM||,$turnaround,,6- 1 2,D-CLP,eb077171-ed76-43fb-ae6a-bbb0e4adbbdd,Peres
77,The Weeknd,Earned It,2015,|6- | 1|2|4|,|Dm | FM|GM|BbM|,$turnaround_sub,,6- 1 2 4,D-CLP,eb077171-ed76-43fb-ae6a-bbb0e4adbbdd,Peres
77,The Weeknd,Earned It,2015,|6- | 1|2|2-|,|Dm | FM|GM|Gm|,$turnaround_full,,6- 1 2 2-,D-CLP,eb077171-ed76-43fb-ae6a-bbb0e4adbbdd,Peres
77,The Weeknd,Earned It,2015,$turnaround*2 $turnaround_sub $turnaround_full*7,,$PostCh,,,D-CLP,eb077171-ed76-43fb-ae6a-bbb0e4adbbdd,Peres
77,The Weeknd,Earned It,2015,|6- | 1|5|2|,|Dm | FM|CM|GM|,$turnaround_end,,6- 1 5 2,D-CLP,eb077171-ed76-43fb-ae6a-bbb0e4adbbdd,Peres
77,The Weeknd,Earned It,2015,$turnaround_end $turnaround,,$outro,,,D-CLP,eb077171-ed76-43fb-ae6a-bbb0e4adbbdd,Peres
24,"Benny Blanco, with Halsey & Khalid",Eastside,2018,$In $Vr $PCh $Ch_1 $Ch_2 $Vr $PCh $Ch_1 $Ch_2 $DCh $outro,,S,,,B,e579accf-66a3-43c1-8ca7-06c30a4e5631,Park: MusicID Top 200 (2000-2020)
24,"Benny Blanco, with Halsey & Khalid",Eastside,2018,|6-|5 1|4| . 5|,|F#m|EM AM|DM| . EM|,$a,,6- 5 1 4 5,B,e579accf-66a3-43c1-8ca7-06c30a4e5631,Park: MusicID Top 200 (2000-2020)
24,"Benny Blanco, with Halsey & Khalid",Eastside,2018,$a*2,,"$In, Vr, $DCh",,,B,e579accf-66a3-43c1-8ca7-06c30a4e5631,Park: MusicID Top 200 (2000-2020)
24,"Benny Blanco, with Halsey & Khalid",Eastside,2018,|6-|5 1|4|R|,|F#m|EM AM|DM| R|,$a_drop,,6- 5 1 4 R,B,e579accf-66a3-43c1-8ca7-06c30a4e5631,Park: MusicID Top 200 (2000-2020)
24,"Benny Blanco, with Halsey & Khalid",Eastside,2018,$a $a_drop,,$PCh,,,B,e579accf-66a3-43c1-8ca7-06c30a4e5631,Park: MusicID Top 200 (2000-2020)
24,"Benny Blanco, with Halsey & Khalid",Eastside,2018,$a*3 $a_drop,,$Ch_1,,,B,e579accf-66a3-43c1-8ca7-06c30a4e5631,Park: MusicID Top 200 (2000-2020)
24,"Benny Blanco, with Halsey & Khalid",Eastside,2018,$a*4,,$Ch_2,,,B,e579accf-66a3-43c1-8ca7-06c30a4e5631,Park: MusicID Top 200 (2000-2020)
24,"Benny Blanco, with Halsey & Khalid",Eastside,2018,|6-|5 1|4|,|F#m|EM AM|DM|,$a_ending,Axis-A-reverse,6- 5 1 4,B,e579accf-66a3-43c1-8ca7-06c30a4e5631,Park: MusicID Top 200 (2000-2020)
24,"Benny Blanco, with Halsey & Khalid",Eastside,2018,$a*3 $a_ending,,$outro,,,B,e579accf-66a3-43c1-8ca7-06c30a4e5631,Park: MusicID Top 200 (2000-2020)
264,Sean Kingston and Justin Bieber ,Eenie Meenie ,2010,$In $Vr $PCh $Ch_1 $Ch_2 $Vr $PCh $Ch_1 $Ch_2 $bridge $link $Ch_1 $Ch_2,,S,,,A,a019762a-cad4-4266-8f5c-3eb205b17c22,Richards
264,Sean Kingston and Justin Bieber ,Eenie Meenie ,2010,| 6- || 4 || 1 || 5 ||,|Bm||GM||DM||AM||,$a,Axis-A,6- 4 1 5,A,a019762a-cad4-4266-8f5c-3eb205b17c22,Richards
264,Sean Kingston and Justin Bieber ,Eenie Meenie ,2010,|R||||||||,|R||||||||,"$b, $In",Rest,R,A,a019762a-cad4-4266-8f5c-3eb205b17c22,Richards
264,Sean Kingston and Justin Bieber ,Eenie Meenie ,2010,$a*2,,"$Vr, $PCh, $Ch_1, $Ch_2, $link",,,A,a019762a-cad4-4266-8f5c-3eb205b17c22,Richards
264,Sean Kingston and Justin Bieber ,Eenie Meenie ,2010,$b*2,,$bridge,,,A,a019762a-cad4-4266-8f5c-3eb205b17c22,Richards
79,Sia,Elastic Heart,2015,$In $Vr $PCh $Ch $PostCh $Vr $PCh $Ch $bridge $Ch*2 $ending,,S,,,"A, B",19d264df-da69-4a70-8778-2f55ff5a9f4c,"Peres, Richards"
79,Sia,Elastic Heart,2015,| 4 || 1 || 5 || 6- ||,|DM||AM||EM||F#m||,"$a, $In",Axis-F,4 1 5 6-,"A, B",19d264df-da69-4a70-8778-2f55ff5a9f4c,"Peres, Richards"
79,Sia,Elastic Heart,2015,$a*4,,"$Vr, $Ch",,,"A, B",19d264df-da69-4a70-8778-2f55ff5a9f4c,"Peres, Richards"
79,Sia,Elastic Heart,2015,$a*2,,"$PCh, $PostCh, $bridge",,,"A, B",19d264df-da69-4a70-8778-2f55ff5a9f4c,"Peres, Richards"
79,Sia,Elastic Heart,2015,| 4 || 1 || 3- ||,|DM||AM||C#m||,$ending,,4 1 3-,"A, B",19d264df-da69-4a70-8778-2f55ff5a9f4c,"Peres, Richards"
478,Vertical Horizon,Everything You Want,1999,$In $Vr $Vr $Ch $Vr $Ch $bridge Vr $Ch*2 $outro $fadeout,,S,,,D,55a33672-2a0f-46c8-a74e-7176f7c65449,Park: MusicID Top 200 (2000-2020)
478,Vertical Horizon,Everything You Want,1999,|2- . . 6- ||1 . . 4||,|Am . . Em ||GM . . CM||,$a,,2- 6- 1 4,D,55a33672-2a0f-46c8-a74e-7176f7c65449,Park: MusicID Top 200 (2000-2020)
478,Vertical Horizon,Everything You Want,1999,$a*2,,"$In, $outro",,,D,55a33672-2a0f-46c8-a74e-7176f7c65449,Park: MusicID Top 200 (2000-2020)
478,Vertical Horizon,Everything You Want,1999,$a*4,,$Vr,,,D,55a33672-2a0f-46c8-a74e-7176f7c65449,Park: MusicID Top 200 (2000-2020)
478,Vertical Horizon,Everything You Want,1999,|2- . . 1 ||6- . . 5||,|Am . . GM ||Em . . DM||,$b,,2- 1 6- 5,D,55a33672-2a0f-46c8-a74e-7176f7c65449,Park: MusicID Top 200 (2000-2020)
478,Vertical Horizon,Everything You Want,1999,|2- . . 6- ||5 . . 4||,|Am . . Em ||DM . . CM||,$b_cad,,2- 6- 5 4,D,55a33672-2a0f-46c8-a74e-7176f7c65449,Park: MusicID Top 200 (2000-2020)
478,Vertical Horizon,Everything You Want,1999,$b*3 $b_cad,,$Ch,,,D,55a33672-2a0f-46c8-a74e-7176f7c65449,Park: MusicID Top 200 (2000-2020)
478,Vertical Horizon,Everything You Want,1999,|6-|4|6-|5 . . 4||,|Em|CM|Em|DM . . CM||,$c,,6- 4 6- 5 4,D,55a33672-2a0f-46c8-a74e-7176f7c65449,Park: MusicID Top 200 (2000-2020)
478,Vertical Horizon,Everything You Want,1999,$c*2,,$bridge,,,D,55a33672-2a0f-46c8-a74e-7176f7c65449,Park: MusicID Top 200 (2000-2020)
478,Vertical Horizon,Everything You Want,1999,|4||||||||,|CM||||||||,$fadeout,Four,4,D,55a33672-2a0f-46c8-a74e-7176f7c65449,Park: MusicID Top 200 (2000-2020)
340,The Red Jumpsuit Apparatus ,Face Down ,2007,$In $Vr $Vr $Ch $turnaround $Vr $Vr $Ch $bridge $link $Ch*2 $outro $ending,,S,,,B,855eaee6-daa0-43b0-8119-cdb119ac6b99,Richards
340,The Red Jumpsuit Apparatus ,Face Down ,2007,| 6- || 4 || 1 || 5 ||,|G#m||EM||BM||F#m||,"$a, $In, $Vr, $link, outro",Axis-A,6- 4 1 5,B,855eaee6-daa0-43b0-8119-cdb119ac6b99,Richards
340,The Red Jumpsuit Apparatus ,Face Down ,2007,$a*2,,"$Ch, $bridge",,,B,855eaee6-daa0-43b0-8119-cdb119ac6b99,Richards
340,The Red Jumpsuit Apparatus ,Face Down ,2007,|6-||,|G#m||,"$turnaround, $ending",Six,6-,B,855eaee6-daa0-43b0-8119-cdb119ac6b99,Richards
313,Secondhand Serenade ,Fall for You ,2008,$Vr $turnaround $Ch $link $Vr $turnaround $Ch $bridge $Ch $Ch $ending,,S,,,D,1b70ff18-7763-49b9-9a58-4ac8d8c9a29e,Richards
313,Secondhand Serenade ,Fall for You ,2008,| 6- | 4 | 1 | 5 |,|Am|FM|CM|GM|,"$a, $link",Axis-A,6- 4 1 5,D,1b70ff18-7763-49b9-9a58-4ac8d8c9a29e,Richards
313,Secondhand Serenade ,Fall for You ,2008,$a*2,,$Vr,,,D,1b70ff18-7763-49b9-9a58-4ac8d8c9a29e,Richards
313,Secondhand Serenade ,Fall for You ,2008,|4 5 |,|FM GM|,$turnaround,Plateau Shuttle,4 5,D,1b70ff18-7763-49b9-9a58-4ac8d8c9a29e,Richards
313,Secondhand Serenade ,Fall for You ,2008,| 1 | 6- | 4 |5|,|CM|Am|FM|GM|,$b,Doo-wop,1 6- 4 5,D,1b70ff18-7763-49b9-9a58-4ac8d8c9a29e,Richards
313,Secondhand Serenade ,Fall for You ,2008,$b*2,,$Ch,,,D,1b70ff18-7763-49b9-9a58-4ac8d8c9a29e,Richards
313,Secondhand Serenade ,Fall for You ,2008,| 6-  4 | 1  5 |,|Am FM|CM GM|,$c,Axis-A,6- 4 1 5,D,1b70ff18-7763-49b9-9a58-4ac8d8c9a29e,Richards
313,Secondhand Serenade ,Fall for You ,2008,|4||,|FM||,$c_turnaround,Four,4,D,1b70ff18-7763-49b9-9a58-4ac8d8c9a29e,Richards
313,Secondhand Serenade ,Fall for You ,2008,$c*3 $c_turnaround,,$bridge,,,D,1b70ff18-7763-49b9-9a58-4ac8d8c9a29e,Richards
313,Secondhand Serenade ,Fall for You ,2008,|1|,|CM|,$ending,One,1,D,1b70ff18-7763-49b9-9a58-4ac8d8c9a29e,Richards
444,Alicia Keys,Fallin',2001,$In $Vr*2 $Ch $Vr*2 $Ch $bridge $Ch*3 $outro,,S,,,A,be17894e-ad03-3ed9-a976-ca7bd09648c6,Park: MusicID Top 200 (2000-2020)
444,Alicia Keys,Fallin',2001,|6-|3-|,|Em|Bm|,"$a, $link",,6- 3-,A,be17894e-ad03-3ed9-a976-ca7bd09648c6,Park: MusicID Top 200 (2000-2020)
444,Alicia Keys,Fallin',2001,$a*4,,"$In, $Vr, $Ch",,,A,be17894e-ad03-3ed9-a976-ca7bd09648c6,Park: MusicID Top 200 (2000-2020)
444,Alicia Keys,Fallin',2001,$a*8,,"$bridge, $outro",,,A,be17894e-ad03-3ed9-a976-ca7bd09648c6,Park: MusicID Top 200 (2000-2020)
444,Alicia Keys,Fallin',2001,|6-||,|Em||,$ending,Six,6-,A,be17894e-ad03-3ed9-a976-ca7bd09648c6,Park: MusicID Top 200 (2000-2020)
445,Mary J Blige,Family Affair,2001,$In $hook $Vr $hook $Vr $hook $bridge $hook*4 $fadeout,,S,,,A,6c12409f-3754-4fcb-a091-77aaefe15393,Park: MusicID Top 200 (2000-2020)
445,Mary J Blige,Family Affair,2001,|6-||||3-||||,|C#m||||G#m||||,$a,,6- 3-,A,6c12409f-3754-4fcb-a091-77aaefe15393,Park: MusicID Top 200 (2000-2020)
445,Mary J Blige,Family Affair,2001,$a*2,,"$In, $hook, $fadeout",,,A,6c12409f-3754-4fcb-a091-77aaefe15393,Park: MusicID Top 200 (2000-2020)
445,Mary J Blige,Family Affair,2001,$a*4,,$bridge,,,A,6c12409f-3754-4fcb-a091-77aaefe15393,Park: MusicID Top 200 (2000-2020)
374,Gorillaz,Feel Good Inc,2005,$hook*2 $Vr $link $Ch $Vr $hook $PCh $Ch $PostCh $hook,,S,,,C,dfd3c7cd-97c0-36ad-b7b9-b92b2e87663a,Park: MusicID Top 200 (2000-2020)
374,Gorillaz,Feel Good Inc,2005,|6-||3-||2-||6-||,|Em||Bm||Am||Em||,$a,,6- 3- 2- 6-,C,dfd3c7cd-97c0-36ad-b7b9-b92b2e87663a,Park: MusicID Top 200 (2000-2020)
374,Gorillaz,Feel Good Inc,2005,$a*2,,"$hook, PostCh",,,C,dfd3c7cd-97c0-36ad-b7b9-b92b2e87663a,Park: MusicID Top 200 (2000-2020)
374,Gorillaz,Feel Good Inc,2005,$a*4,,$Vr,,,C,dfd3c7cd-97c0-36ad-b7b9-b92b2e87663a,Park: MusicID Top 200 (2000-2020)
374,Gorillaz,Feel Good Inc,2005,|6-||,|Em||,$link,Six,6-,C,dfd3c7cd-97c0-36ad-b7b9-b92b2e87663a,Park: MusicID Top 200 (2000-2020)
374,Gorillaz,Feel Good Inc,2005,|6-||5||2-||3-||,|Em||DM||Am||Bm||,$b,,6- 5 2- 3-,C,dfd3c7cd-97c0-36ad-b7b9-b92b2e87663a,Park: MusicID Top 200 (2000-2020)
374,Gorillaz,Feel Good Inc,2005,|6-||5||2-||5||||,|Em||DM||Am||DM||||,$b_cad,,6- 5 2- 5,C,dfd3c7cd-97c0-36ad-b7b9-b92b2e87663a,Park: MusicID Top 200 (2000-2020)
374,Gorillaz,Feel Good Inc,2005,$b*3 $b_cad,,$Ch,,,C,dfd3c7cd-97c0-36ad-b7b9-b92b2e87663a,Park: MusicID Top 200 (2000-2020)
374,Gorillaz,Feel Good Inc,2005,$b*3,,$PCh,,,C,dfd3c7cd-97c0-36ad-b7b9-b92b2e87663a,Park: MusicID Top 200 (2000-2020)
353,Daughtry ,Feels Like Tonight ,2006,$In $Vr $Ch $link $Vr $PCh $Ch $bridge $link $Ch*2 $ending,,S,,,D,3b8158dd-46c0-42fd-a246-69102861f457,Richards
353,Daughtry ,Feels Like Tonight ,2006,|1||||,|F#M||||,"$In, $link",One,1,D,3b8158dd-46c0-42fd-a246-69102861f457,Richards
353,Daughtry ,Feels Like Tonight ,2006,|1||5||,|F#M||BM||,$a,One Five,1 5,D,3b8158dd-46c0-42fd-a246-69102861f457,Richards
353,Daughtry ,Feels Like Tonight ,2006,$a*4,,$Vr,,,D,3b8158dd-46c0-42fd-a246-69102861f457,Richards
353,Daughtry ,Feels Like Tonight ,2006,| 1 | 5 | 6- | 4 |,|F#M|C#M|D#m|BM|,$b,Axis-C,1 5 6- 4,D,3b8158dd-46c0-42fd-a246-69102861f457,Richards
353,Daughtry ,Feels Like Tonight ,2006,| 1 || 6- | 4 ||,|F#M|D#m|BM||,$b_cad,,1 6- 4,D,3b8158dd-46c0-42fd-a246-69102861f457,Richards
353,Daughtry ,Feels Like Tonight ,2006,$b*3 $b_cad,,$Ch,,,D,3b8158dd-46c0-42fd-a246-69102861f457,Richards
353,Daughtry ,Feels Like Tonight ,2006,|6-|1|4| . 5|,|D#m|F#M|BM| . C#M|,$c,,6- 1 4 5,D,3b8158dd-46c0-42fd-a246-69102861f457,Richards
353,Daughtry ,Feels Like Tonight ,2006,$c*4,,$bridge,,,D,3b8158dd-46c0-42fd-a246-69102861f457,Richards
353,Daughtry ,Feels Like Tonight ,2006,|1||,|F#M||,$ending,One,1,D,3b8158dd-46c0-42fd-a246-69102861f457,Richards
201,Katy Perry ,Firework ,2012,$In $Vr $Vr $PCh $Ch $DCh $Vr $Vr $PCh $Ch $DCh*2 $bridge $Ch $DCh $PostCh,,S,,,"C, D",49e950aa-0acb-339e-81c2-5d30bbedcedd,Richards
201,Katy Perry ,Firework ,2012,|1||b7||6-||4||,|AM||GM||F#m||DM||,"$a, $In",,1 b7 6- 4,"C, D",49e950aa-0acb-339e-81c2-5d30bbedcedd,Richards
201,Katy Perry ,Firework ,2012,|1||2-||6-||4||,|AM||Bm||F#m||DM||,$a_sub,,1 2- 6- 4,"C, D",49e950aa-0acb-339e-81c2-5d30bbedcedd,Richards
201,Katy Perry ,Firework ,2012,$a*4,,$Vr,,,"C, D",49e950aa-0acb-339e-81c2-5d30bbedcedd,Richards
201,Katy Perry ,Firework ,2012,$a_sub*2,,"$PCh, $Ch, $DCh, $PostCh",,,"C, D",49e950aa-0acb-339e-81c2-5d30bbedcedd,Richards
201,Katy Perry ,Firework ,2012,|6-||||4||||1||||5||||,|F#m||||DM||||AM||||EM||||,$bridge,Axis-A,6- 4 1 5,"C, D",49e950aa-0acb-339e-81c2-5d30bbedcedd,Richards
80,Rachel Platten ,Fight Song ,2015,$In $Vr $PCh $Ch $link $Vr_2 $PCh $Ch_2 $PostCh $bridge $Ch_final $ending,,S,,,D,710162e4-f881-43ca-b8d7-b95437bc7ba8,Richards
80,Rachel Platten ,Fight Song ,2015,|1||||6-|4|1||,|GM||||Em|CM|GM||,$Vr,,1 6- 4 1,D,710162e4-f881-43ca-b8d7-b95437bc7ba8,Richards
80,Rachel Platten ,Fight Song ,2015,|1||,|GM||,"$In, $link",One,1,D,710162e4-f881-43ca-b8d7-b95437bc7ba8,Richards
80,Rachel Platten ,Fight Song ,2015,|1 |4|5| 6-|,|GM |CM|DM| Em|,$b,,1 4 5 6-,D,710162e4-f881-43ca-b8d7-b95437bc7ba8,Richards
80,Rachel Platten ,Fight Song ,2015,|1 |4|5||,|GM |CM|DM||,$b_turnaround,,1 4 5,D,710162e4-f881-43ca-b8d7-b95437bc7ba8,Richards
80,Rachel Platten ,Fight Song ,2015,$b $b_turnaround,,$PCh,,,D,710162e4-f881-43ca-b8d7-b95437bc7ba8,Richards
80,Rachel Platten ,Fight Song ,2015,| 1 | 5 | 6- | 4 |,|GM|DM|Em|CM|,$c,Axis-C,1 5 6- 4,D,710162e4-f881-43ca-b8d7-b95437bc7ba8,Richards
80,Rachel Platten ,Fight Song ,2015,|6- |5|R||,|Em | DM|R||,$c_turnaround,,6- 5 R,D,710162e4-f881-43ca-b8d7-b95437bc7ba8,Richards
80,Rachel Platten ,Fight Song ,2015,$c*2 $c_turnaround,,$Ch,,,D,710162e4-f881-43ca-b8d7-b95437bc7ba8,Richards
80,Rachel Platten ,Fight Song ,2015,|6- ||4||1||5||,|Em||CM||GM||DM||,$d,Axis-A,6- 4 1 5,D,710162e4-f881-43ca-b8d7-b95437bc7ba8,Richards
80,Rachel Platten ,Fight Song ,2015,$d*2,,$Vr_2,,,D,710162e4-f881-43ca-b8d7-b95437bc7ba8,Richards
80,Rachel Platten ,Fight Song ,2015,|6- | 5|4||,|Em | DM|CM||,$c_turnaround_2,Plateau: Reverse open passing loop,6- 5 4,D,710162e4-f881-43ca-b8d7-b95437bc7ba8,Richards
80,Rachel Platten ,Fight Song ,2015,$c*2 $c_turnaround_2,,$Ch_2,,,D,710162e4-f881-43ca-b8d7-b95437bc7ba8,Richards
80,Rachel Platten ,Fight Song ,2015,|6- ||4||1||5||||,,"$d_turnaround, $PostCh",Axis-A,6- 4 1 5,D,710162e4-f881-43ca-b8d7-b95437bc7ba8,Richards
80,Rachel Platten ,Fight Song ,2015,|1||||6-|4|5||,|GM||||Em|CM|DM||,$bridge,Doo-wop,1 6- 4 5,D,710162e4-f881-43ca-b8d7-b95437bc7ba8,Richards
80,Rachel Platten ,Fight Song ,2015,|1||5||,|GM||DM||,$c_final,One Five,1 5,D,710162e4-f881-43ca-b8d7-b95437bc7ba8,Richards
80,Rachel Platten ,Fight Song ,2015,$c*2 $c_final,,$Ch_final,,,D,710162e4-f881-43ca-b8d7-b95437bc7ba8,Richards
80,Rachel Platten ,Fight Song ,2015,|6-||4||,|Em||CM||,$ending,Aeolian-Lydian Plateau Shuttle,6- 4,D,710162e4-f881-43ca-b8d7-b95437bc7ba8,Richards
154,Florida Georgia Line feat. Nelly ,Cruise ,2013,$In_hook $In_instr $Vr $Ch $link $Vr $Ch $instr $bridge $link_2 $Ch_short $Ch $outro $ending,,S,,,B,70de9f22-c001-43c8-96ba-60a4d937a63a,Richards
154,Florida Georgia Line feat. Nelly ,Cruise ,2013,| 1 | 5 | 6- | 4 |,|BM|F#M|G#m|EM|,"$In_hook, $In_instr, $a, $link",Axis-C,1 5 6- 4,B,70de9f22-c001-43c8-96ba-60a4d937a63a,Richards
154,Florida Georgia Line feat. Nelly ,Cruise ,2013,| 1 | 5 | 6- | R |,|BM|F#M|G#m|R|,$a_cad,,1 5 6- R,B,70de9f22-c001-43c8-96ba-60a4d937a63a,Richards
154,Florida Georgia Line feat. Nelly ,Cruise ,2013,$a $a_cad,,$Vr,,,B,70de9f22-c001-43c8-96ba-60a4d937a63a,Richards
154,Florida Georgia Line feat. Nelly ,Cruise ,2013,$a*4,,$Ch,,,B,70de9f22-c001-43c8-96ba-60a4d937a63a,Richards
154,Florida Georgia Line feat. Nelly ,Cruise ,2013,$a*2,,"$instr, $link_2, $Ch_short, $outro",,,B,70de9f22-c001-43c8-96ba-60a4d937a63a,Richards
154,Florida Georgia Line feat. Nelly ,Cruise ,2013,| 1 | 5 | 6- | 4 |||,|BM|F#M|G#m|EM|||,$a_turnaround,Axis-C,1 5 6- 4,B,70de9f22-c001-43c8-96ba-60a4d937a63a,Richards
154,Florida Georgia Line feat. Nelly ,Cruise ,2013,$a $a_turnaround,,$bridge,,,B,70de9f22-c001-43c8-96ba-60a4d937a63a,Richards
154,Florida Georgia Line feat. Nelly ,Cruise ,2013,|1||,|BM||,$ending,One,1,B,70de9f22-c001-43c8-96ba-60a4d937a63a,Richards
202,Jason Aldean ,Fly Over States ,2012,$In $Vr_1 $Vr_2 $Ch $Vr_2 $Ch $instr $Ch $turnaround $outro*3 $ending,,S,,,"B-CLP, C-CLP",6b5cf31a-09f5-465b-bc41-4199483b172e,Richards
202,Jason Aldean ,Fly Over States ,2012,|1||||||||,|GM||||||||,$In,One,1,"B-CLP, C-CLP",6b5cf31a-09f5-465b-bc41-4199483b172e,Richards
202,Jason Aldean ,Fly Over States ,2012,|1||||3-||||4||2-||,|GM||||Bm||||CM||Am||,$Vr_1,,1 3- 4 2-,"B-CLP, C-CLP",6b5cf31a-09f5-465b-bc41-4199483b172e,Richards
202,Jason Aldean ,Fly Over States ,2012,|1||||3-||||4||2-|5||,|GM||||Bm||||CM||Am|DM||,$Vr_2,,1 3- 4 2- 5,"B-CLP, C-CLP",6b5cf31a-09f5-465b-bc41-4199483b172e,Richards
202,Jason Aldean ,Fly Over States ,2012,| 6- || 4 || 1 || 5 |3|,|Em||CM||GM||DM|BM|,"$b, $instr, $outro",,6- 4 1 5 3,"B-CLP, C-CLP",6b5cf31a-09f5-465b-bc41-4199483b172e,Richards
202,Jason Aldean ,Fly Over States ,2012,| 6- || 4 || 5 || 4 ||,|Em||CM||DM||CM||,$b_cad,,6- 4 5 4,"B-CLP, C-CLP",6b5cf31a-09f5-465b-bc41-4199483b172e,Richards
202,Jason Aldean ,Fly Over States ,2012,$b $b_cad,,$Ch,,,"B-CLP, C-CLP",6b5cf31a-09f5-465b-bc41-4199483b172e,Richards
202,Jason Aldean ,Fly Over States ,2012,|1||||,|GM||||,$turnaround,One,1,"B-CLP, C-CLP",6b5cf31a-09f5-465b-bc41-4199483b172e,Richards
202,Jason Aldean ,Fly Over States ,2012,| 6- || 4 || 1 || 5 ||||,|Em||CM||GM||DM||||,$ending,Axis-A,6- 4 1 5,"B-CLP, C-CLP",6b5cf31a-09f5-465b-bc41-4199483b172e,Richards
466,Uncle Kracker,Follow Me,2000,$In $Vr $Ch $Vr_2 $Vr_drop $PCh $Ch_2 $bridge $turnaround $Ch_2 $Vr_2 $Ch_2*3 $ending,,S,,,D-CLP,206b6096-f648-3e40-b5d9-1a05a3735203,Park: MusicID Top 200 (2000-2020)
466,Uncle Kracker,Follow Me,2000,|R||||,|R||||,$a,Rest,R,D-CLP,206b6096-f648-3e40-b5d9-1a05a3735203,Park: MusicID Top 200 (2000-2020)
466,Uncle Kracker,Follow Me,2000,$a*2,,$In,,,D-CLP,206b6096-f648-3e40-b5d9-1a05a3735203,Park: MusicID Top 200 (2000-2020)
466,Uncle Kracker,Follow Me,2000,|1||4 ||,|FM||BbM ||,$b,Ionian-plagal,1 4,D-CLP,206b6096-f648-3e40-b5d9-1a05a3735203,Park: MusicID Top 200 (2000-2020)
466,Uncle Kracker,Follow Me,2000,|1| . . . 4| . 5 . 1||,|FM| . . . BbM| . CM . FM||,$b_cad,,1 4 5 1,D-CLP,206b6096-f648-3e40-b5d9-1a05a3735203,Park: MusicID Top 200 (2000-2020)
466,Uncle Kracker,Follow Me,2000,$a*2 $b $b_cad,,$Vr,,,D-CLP,206b6096-f648-3e40-b5d9-1a05a3735203,Park: MusicID Top 200 (2000-2020)
466,Uncle Kracker,Follow Me,2000,$a*3 $b_cad,,$Ch,,,D-CLP,206b6096-f648-3e40-b5d9-1a05a3735203,Park: MusicID Top 200 (2000-2020)
466,Uncle Kracker,Follow Me,2000,|1| R|||,|FM|R|||,$b_drop,,1 R,D-CLP,206b6096-f648-3e40-b5d9-1a05a3735203,Park: MusicID Top 200 (2000-2020)
466,Uncle Kracker,Follow Me,2000,$b $b_cad ,,$Vr_2,,,D-CLP,206b6096-f648-3e40-b5d9-1a05a3735203,Park: MusicID Top 200 (2000-2020)
466,Uncle Kracker,Follow Me,2000,$b $b_drop,,$Vr_drop,,,D-CLP,206b6096-f648-3e40-b5d9-1a05a3735203,Park: MusicID Top 200 (2000-2020)
466,Uncle Kracker,Follow Me,2000,|1 . . 3-| . . . 4| . . . 5||,|FM . . Am| . . . BbM| . . . CM||,$c,,1 3- 4 5,D-CLP,206b6096-f648-3e40-b5d9-1a05a3735203,Park: MusicID Top 200 (2000-2020)
466,Uncle Kracker,Follow Me,2000,$c*3 $b_cad,,"$Ch_2, $bridge",,,D-CLP,206b6096-f648-3e40-b5d9-1a05a3735203,Park: MusicID Top 200 (2000-2020)
466,Uncle Kracker,Follow Me,2000,|2-||5||1||||,|Gm||CM||FM||||,$d,,2- 5 1,D-CLP,206b6096-f648-3e40-b5d9-1a05a3735203,Park: MusicID Top 200 (2000-2020)
466,Uncle Kracker,Follow Me,2000,|2-||2||5||||,|Gm||GM||CM||||,$d_turnaround,,2- 2 5,D-CLP,206b6096-f648-3e40-b5d9-1a05a3735203,Park: MusicID Top 200 (2000-2020)
466,Uncle Kracker,Follow Me,2000,$d $d_turnaround,,$turnaround,,,D-CLP,206b6096-f648-3e40-b5d9-1a05a3735203,Park: MusicID Top 200 (2000-2020)
466,Uncle Kracker,Follow Me,2000,|1||,|FM||,$ending,One,1,D-CLP,206b6096-f648-3e40-b5d9-1a05a3735203,Park: MusicID Top 200 (2000-2020)
493,Jewel ,Foolish Games ,1997,$In $Vr*2 $PCh $Ch $link $Vr $PCh $Ch $link_long $ending,,S,,,D,92d68aa9-64e0-3a10-b90d-d08015403b92,Richards
493,Jewel ,Foolish Games ,1997,| 6- || 4 || 1 || 5 ||,|Em||CM||GM||DM||,"$a, $In, $link_long, $ending",Axis-A,6- 4 1 5,D,92d68aa9-64e0-3a10-b90d-d08015403b92,Richards
493,Jewel ,Foolish Games ,1997,$a*2,,$Vr,,,D,92d68aa9-64e0-3a10-b90d-d08015403b92,Richards
493,Jewel ,Foolish Games ,1997,| 2-|| 4 || 1 || 5 ||,|Am||CM||GM||DM||,$PCh,,2- 4 1 5,D,92d68aa9-64e0-3a10-b90d-d08015403b92,Richards
493,Jewel ,Foolish Games ,1997,|4||5||1|5|6-||,|CM||DM||GM|DM|Em||,$b,,4 5 1 5 6-,D,92d68aa9-64e0-3a10-b90d-d08015403b92,Richards
493,Jewel ,Foolish Games ,1997,|4||5||1|5|4||,|CM||DM||GM|DM|CM||,$b_cad,,4 5 1 5 4,D,92d68aa9-64e0-3a10-b90d-d08015403b92,Richards
493,Jewel ,Foolish Games ,1997,$b $b_cad,,$Ch,,,D,92d68aa9-64e0-3a10-b90d-d08015403b92,Richards
493,Jewel ,Foolish Games ,1997,| 6- || 4 || ,|Em||CM||,$link,Aeolian-Lydian Plateau Shuttle,6- 4,D,92d68aa9-64e0-3a10-b90d-d08015403b92,Richards
226,The Script ,For the First Time ,2011,$Vr*2 $PCh $DCh $Vr $PCh $DCh $PCh $DCh*2 $ending,,S,,,C,ac48afc8-4f89-458c-a62f-94481b477d26,Richards
226,The Script ,For the First Time ,2011,|1||||5||||6-||||4||||,|AM||||EM||||F#m||||DM||||,"$a, $link, $Vr, $DCh",Axis-C,1 5 6- 4,C,ac48afc8-4f89-458c-a62f-94481b477d26,Richards
226,The Script ,For the First Time ,2011,$a*2,,$Vr,,,C,ac48afc8-4f89-458c-a62f-94481b477d26,Richards
226,The Script ,For the First Time ,2011,|6-||4||1||5||,|F#m||DM||AM||EM||,$b,Axis-A,6- 4 1 5,C,ac48afc8-4f89-458c-a62f-94481b477d26,Richards
226,The Script ,For the First Time ,2011,$b*2,,$PCh,,,C,ac48afc8-4f89-458c-a62f-94481b477d26,Richards
226,The Script ,For the First Time ,2011,|1|,|AM|,$ending,One,1,C,ac48afc8-4f89-458c-a62f-94481b477d26,Richards
63,Bloc Party,Fortress,2016,$Vr*2 $PCh $Ch $Vr_2 $PCh $Ch*2 $instr $link $outro,,S,,,"A, B",15135547-4810-434c-bc75-3b1280ea8b9b,Duinker
63,Bloc Party,Fortress,2016,|4||5 . . 6-||1||4||,|FM||GM . . AM||CM||FM||,$a,,4 5 6- 1 4,"A, B",15135547-4810-434c-bc75-3b1280ea8b9b,Duinker
63,Bloc Party,Fortress,2016,|R||||||||,|R||||||||,$b,Rest,R,"A, B",15135547-4810-434c-bc75-3b1280ea8b9b,Duinker
63,Bloc Party,Fortress,2016,$a*2,,"$Vr, $Ch, $instr, $outro",,,"A, B",15135547-4810-434c-bc75-3b1280ea8b9b,Duinker
63,Bloc Party,Fortress,2016,$b*2,,$PCh,,,"A, B",15135547-4810-434c-bc75-3b1280ea8b9b,Duinker
63,Bloc Party,Fortress,2016,$b $a,,$Vr_2,,,"A, B",15135547-4810-434c-bc75-3b1280ea8b9b,Duinker
158,Daft Punk,Fragments of Time,2013,$In $Vr*2 $Ch $link $Vr $Ch $bridge $link_2 $Ch_final,,S,,,"B, D",cb41e3de-82ff-499c-b26f-a2566b939fa9,Jinny Park: daft punk corpus
158,Daft Punk,Fragments of Time,2013,|2-||5||1||6-||,|Dm||GM||CM||Am||,"$a, $link",,2- 5 1 6-,"B, D",cb41e3de-82ff-499c-b26f-a2566b939fa9,Jinny Park: daft punk corpus
158,Daft Punk,Fragments of Time,2013,|2-||5||6-||3-||,|Dm||GM||Am||Em||,$a_sub,,2- 5 6- 3-,"B, D",cb41e3de-82ff-499c-b26f-a2566b939fa9,Jinny Park: daft punk corpus
158,Daft Punk,Fragments of Time,2013,$a $a_sub,,"$aa, $In, $Vr",,,"B, D",cb41e3de-82ff-499c-b26f-a2566b939fa9,Jinny Park: daft punk corpus
158,Daft Punk,Fragments of Time,2013,|2-||6-||1||||,|Dm||Am||CM||||,$a_cad,,2- 6- 1,"B, D",cb41e3de-82ff-499c-b26f-a2566b939fa9,Jinny Park: daft punk corpus
158,Daft Punk,Fragments of Time,2013,$a_cad*2,,"$Ch, $link_2",,,"B, D",cb41e3de-82ff-499c-b26f-a2566b939fa9,Jinny Park: daft punk corpus
158,Daft Punk,Fragments of Time,2013,$a_cad*4,,$bridge,,,"B, D",cb41e3de-82ff-499c-b26f-a2566b939fa9,Jinny Park: daft punk corpus
158,Daft Punk,Fragments of Time,2013,|2-||6-|. 4|1||||,|Dm||Am|. FM|CM||||,$ending,,2- 6- 4 1,"B, D",cb41e3de-82ff-499c-b26f-a2566b939fa9,Jinny Park: daft punk corpus
158,Daft Punk,Fragments of Time,2013,$a_cad $ending,,$Ch_final,,,"B, D",cb41e3de-82ff-499c-b26f-a2566b939fa9,Jinny Park: daft punk corpus
391,Eamon ,Fuck It (I Don't Want You Back) ,2004,$In $Vr $Ch $Vr $Ch $link $Vr $Ch $PostCh $fadeout,,S,,,A,39247d1c-2fab-4556-801f-bc048c9da259,Richards
391,Eamon ,Fuck It (I Don't Want You Back) ,2004,| 1 || 5 || 6- || 4 ||,|EM||BM||C#m||AM||,"$a, $In, $link",Axis-C,1 5 6- 4,A,39247d1c-2fab-4556-801f-bc048c9da259,Richards
391,Eamon ,Fuck It (I Don't Want You Back) ,2004,$a*2,,"$Vr, $Ch, PostCh, $fadeout ",,,A,39247d1c-2fab-4556-801f-bc048c9da259,Richards
227,P!nk ,Fuckin' Perfect ,2011,$Vr $PCh $Ch $cadence $Vr $PCh $Ch $bridge $Ch $PostCh $cadence ,,S,,,B,4f0d2236-ca6c-4ca5-bdf4-9321140373fc,Richards
227,P!nk ,Fuckin' Perfect ,2011,|1||5||6-||4||,|GM||DM||Em||CM||,$a,Axis-C,1 5 6- 4,B,4f0d2236-ca6c-4ca5-bdf4-9321140373fc,Richards
227,P!nk ,Fuckin' Perfect ,2011,$a*2,,"$Vr, $PCh, $Ch, $PostCh",,,B,4f0d2236-ca6c-4ca5-bdf4-9321140373fc,Richards
227,P!nk ,Fuckin' Perfect ,2011,|1||,|GM||,$cadence,One,1,B,4f0d2236-ca6c-4ca5-bdf4-9321140373fc,Richards
227,P!nk ,Fuckin' Perfect ,2011,|1||5||6-||4|R|4|R|,|GM||DM||Em||CM|R|CM|R|,$a_cad,,1 5 6- 4 R 4 R,B,4f0d2236-ca6c-4ca5-bdf4-9321140373fc,Richards
227,P!nk ,Fuckin' Perfect ,2011,$a $a_cad,,$bridge,,,B,4f0d2236-ca6c-4ca5-bdf4-9321140373fc,Richards
159,"ASAP Rocky feat. Drake, 2 Chainz, and Kendrick Lamar",Fuckin' Problems ,2013,$In $hook $Vr $Vr_2 $hook $Vr $Vr_2 $Ch $Vr $Vr_2 $hook $ending,,S,,,C,ab1afe86-fa65-41ae-a740-05db0539e4c3,Richards
159,"ASAP Rocky feat. Drake, 2 Chainz, and Kendrick Lamar",Fuckin' Problems ,2013,|R||||||||,|R||||||||,$a,Rest,R,C,ab1afe86-fa65-41ae-a740-05db0539e4c3,Richards
159,"ASAP Rocky feat. Drake, 2 Chainz, and Kendrick Lamar",Fuckin' Problems ,2013,|6-||4||1||5||,|Bm||GM||DM||AM||,"$b, $ending",Axis-A,6- 4 1 5,C,ab1afe86-fa65-41ae-a740-05db0539e4c3,Richards
159,"ASAP Rocky feat. Drake, 2 Chainz, and Kendrick Lamar",Fuckin' Problems ,2013,$a*2,,"$In, $Vr",,,C,ab1afe86-fa65-41ae-a740-05db0539e4c3,Richards
159,"ASAP Rocky feat. Drake, 2 Chainz, and Kendrick Lamar",Fuckin' Problems ,2013,$b*2,,$hook,,,C,ab1afe86-fa65-41ae-a740-05db0539e4c3,Richards
159,"ASAP Rocky feat. Drake, 2 Chainz, and Kendrick Lamar",Fuckin' Problems ,2013,|6-||||4||5||,|Bm||||GM||AM||,$c,Plateau: lower incomplete neighbor,6- 4 5,C,ab1afe86-fa65-41ae-a740-05db0539e4c3,Richards
159,"ASAP Rocky feat. Drake, 2 Chainz, and Kendrick Lamar",Fuckin' Problems ,2013,$c*2,,$Vr_2,,,C,ab1afe86-fa65-41ae-a740-05db0539e4c3,Richards
446,P!nk,Get The Party Started,2001,$In $hook $Vr $PCh $hook $Vr $PCh $Ch $bridge $Vr $PCh $hook*2 $PostCh,,S,,,A,bb67402e-eb3b-3cb9-a533-3138fbba1e70,Park: MusicID Top 200 (2000-2020)
446,P!nk,Get The Party Started,2001,|6-| . 2-|,|Bm| . Em|,$a,,6- 2-,A,bb67402e-eb3b-3cb9-a533-3138fbba1e70,Park: MusicID Top 200 (2000-2020)
446,P!nk,Get The Party Started,2001,$a*2,,"$In, $hook, $PCh",,,A,bb67402e-eb3b-3cb9-a533-3138fbba1e70,Park: MusicID Top 200 (2000-2020)
446,P!nk,Get The Party Started,2001,$a*4,,"$Vr, $bridge, $PostCh",,,A,bb67402e-eb3b-3cb9-a533-3138fbba1e70,Park: MusicID Top 200 (2000-2020)
161,Florida Georgia Line ,Get Your Shine On ,2013,$In $Vr $PCh $Ch $link $Vr $PCh $Ch $instr $link $Ch*2 $fadeout,,S,,,A,ccd3d867-bdb3-4155-bc58-c764d67628ee,Richards
161,Florida Georgia Line ,Get Your Shine On ,2013,| 4 . . 1 || 5 . .  6- ||,|FM . . CM||GM . . Am||,$a,Axis-F,4 1 5 6-,A,ccd3d867-bdb3-4155-bc58-c764d67628ee,Richards
161,Florida Georgia Line ,Get Your Shine On ,2013,$a*2,,"$In, $Vr, $PCh, $link",,,A,ccd3d867-bdb3-4155-bc58-c764d67628ee,Richards
161,Florida Georgia Line ,Get Your Shine On ,2013,$a*4,,"$Ch, $instr, $fadeout",,,A,ccd3d867-bdb3-4155-bc58-c764d67628ee,Richards
162,Daft Punk,Giorgio by Moroder,2013,$In $Vr $turnaround $Vr*12 $ending,,S,,,A-CLP,1e3e6b8c-1242-4fe5-bacc-d74de5ef7ff5,Jinny Park: daft punk corpus
162,Daft Punk,Giorgio by Moroder,2013,|6-||3-||,|Am||Em||,$a,,6- 3-,A-CLP,1e3e6b8c-1242-4fe5-bacc-d74de5ef7ff5,Jinny Park: daft punk corpus
162,Daft Punk,Giorgio by Moroder,2013,|4|5|2-|3-|,|FM|GM|Dm|Em|,$b,,4 5 2- 3-,A-CLP,1e3e6b8c-1242-4fe5-bacc-d74de5ef7ff5,Jinny Park: daft punk corpus
162,Daft Punk,Giorgio by Moroder,2013,|4|5|3-||,|FM|GM|Em||,$b_cad,,4 5 3-,A-CLP,1e3e6b8c-1242-4fe5-bacc-d74de5ef7ff5,Jinny Park: daft punk corpus
162,Daft Punk,Giorgio by Moroder,2013,$a*2 $b $b_cad,,"$In, $Vr",,,A-CLP,1e3e6b8c-1242-4fe5-bacc-d74de5ef7ff5,Jinny Park: daft punk corpus
162,Daft Punk,Giorgio by Moroder,2013,|4|5|2-|3- R||||,|FM|GM|Dm R||||,$b_drop,,4 5 2- 3- R,A-CLP,1e3e6b8c-1242-4fe5-bacc-d74de5ef7ff5,Jinny Park: daft punk corpus
162,Daft Punk,Giorgio by Moroder,2013,$a*2 $b_drop,,$turnaround,,,A-CLP,1e3e6b8c-1242-4fe5-bacc-d74de5ef7ff5,Jinny Park: daft punk corpus
162,Daft Punk,Giorgio by Moroder,2013,|6-||||,|Am||||,$ending,Six,6-,A-CLP,1e3e6b8c-1242-4fe5-bacc-d74de5ef7ff5,Jinny Park: daft punk corpus
83,Little Big Town ,Girl Crush ,2015,$In $Vr $Ch $DCh $Vr $Ch $DCh $a_ending,,S,,,C,be963eb9-5d88-4589-be57-fa77fcdc10c0,Richards
83,Little Big Town ,Girl Crush ,2015,|1||||,|CM||||,$In,One,1,C,be963eb9-5d88-4589-be57-fa77fcdc10c0,Richards
83,Little Big Town ,Girl Crush ,2015,|1||3-||4||5||,|CM||Em||FM||GM||,$a,,1 3- 4 5,C,be963eb9-5d88-4589-be57-fa77fcdc10c0,Richards
83,Little Big Town ,Girl Crush ,2015,$a*2,,$Vr,,,C,be963eb9-5d88-4589-be57-fa77fcdc10c0,Richards
83,Little Big Town ,Girl Crush ,2015,| 6- || 4 || 1 || 5 ||,|Am||FM||CM||GM||,$b,Axis-A,6- 4 1 5,C,be963eb9-5d88-4589-be57-fa77fcdc10c0,Richards
83,Little Big Town ,Girl Crush ,2015,$b*2,,$Ch,,,C,be963eb9-5d88-4589-be57-fa77fcdc10c0,Richards
83,Little Big Town ,Girl Crush ,2015,| 6- | 4 | 1 | 5 |,|Am|FM|CM|GM|,$b_short,Axis-A,6- 4 1 5,C,be963eb9-5d88-4589-be57-fa77fcdc10c0,Richards
83,Little Big Town ,Girl Crush ,2015,$b_short*2,,$DCh,,,C,be963eb9-5d88-4589-be57-fa77fcdc10c0,Richards
83,Little Big Town ,Girl Crush ,2015,|1||3-||4||||,|CM||Em||FM||||,$a_ending,,1 3- 4,C,be963eb9-5d88-4589-be57-fa77fcdc10c0,Richards
26,Maroon 5 & Cardi B,Girls Like You,2018,$In $Vr $Ch $DCh $Vr $Ch $DCh $bridge $link $Ch $DCh $outro $ending,,S,,,A,c4670181-ad3d-4319-b418-8e8907a1bfb0,Park: MusicID Top 200 (2000-2020)
26,Maroon 5 & Cardi B,Girls Like You,2018,|R||||,|R||||,$In,Rest,R,A,c4670181-ad3d-4319-b418-8e8907a1bfb0,Park: MusicID Top 200 (2000-2020)
26,Maroon 5 & Cardi B,Girls Like You,2018,| 1 | 5 | 6- | 4 |,|CM|GM|Am|FM|,"$a, $link, outro",Axis-C,1 5 6- 4,A,c4670181-ad3d-4319-b418-8e8907a1bfb0,Park: MusicID Top 200 (2000-2020)
26,Maroon 5 & Cardi B,Girls Like You,2018,$a*4,,$Vr,,,A,c4670181-ad3d-4319-b418-8e8907a1bfb0,Park: MusicID Top 200 (2000-2020)
26,Maroon 5 & Cardi B,Girls Like You,2018,$a*2,,"$Ch, $DCh, $bridge",,,A,c4670181-ad3d-4319-b418-8e8907a1bfb0,Park: MusicID Top 200 (2000-2020)
26,Maroon 5 & Cardi B,Girls Like You,2018,|1|,|CM|,$ending,One,1,A,c4670181-ad3d-4319-b418-8e8907a1bfb0,Park: MusicID Top 200 (2000-2020)
164,Daft Punk,Give Life Back to Music,2013,$In_a $In_b $hook_c $link_a*2 $In_a $hook_a $link_a $hook_a $In_a $instr_c $In_b $fadeout,,S,,,D-CLP,d0f702f5-2aaa-4a89-ad31-e28114c251ac,Jinny Park: daft punk corpus
164,Daft Punk,Give Life Back to Music,2013,|6-|5-|4|2-|,|Am|GM| FM| Dm|,$a,,6- 5-4 2-,D-CLP,d0f702f5-2aaa-4a89-ad31-e28114c251ac,Jinny Park: daft punk corpus
164,Daft Punk,Give Life Back to Music,2013,$a*2,,"$In_a, $link_a, $hook_a",,,D-CLP,d0f702f5-2aaa-4a89-ad31-e28114c251ac,Jinny Park: daft punk corpus
164,Daft Punk,Give Life Back to Music,2013,|4| . . . 3-|6-|. . . 3-|,|FM| . . . Em|Am|. . . Em|,$b,,4 3- 6- 3-,D-CLP,d0f702f5-2aaa-4a89-ad31-e28114c251ac,Jinny Park: daft punk corpus
164,Daft Punk,Give Life Back to Music,2013,|4| . . . 3-|6-|5 . . 3-|,|FM| . . . Em|Am|GM . . Em|,$b_cad,,4 3- 6- 5 3-,D-CLP,d0f702f5-2aaa-4a89-ad31-e28114c251ac,Jinny Park: daft punk corpus
164,Daft Punk,Give Life Back to Music,2013,$b $b_cad,,$bb,,,D-CLP,d0f702f5-2aaa-4a89-ad31-e28114c251ac,Jinny Park: daft punk corpus
164,Daft Punk,Give Life Back to Music,2013,$bb*2,,"$In_b, $fadeout",,,D-CLP,d0f702f5-2aaa-4a89-ad31-e28114c251ac,Jinny Park: daft punk corpus
164,Daft Punk,Give Life Back to Music,2013,|2-|5|1|6-|,|Dm| GM| CM| Am|,$c,,2- 5 1 6-,D-CLP,d0f702f5-2aaa-4a89-ad31-e28114c251ac,Jinny Park: daft punk corpus
164,Daft Punk,Give Life Back to Music,2013,|2-|5|6-|5|,|Dm| GM| Am| GM|,$c_cad,,2- 5 6- 5,D-CLP,d0f702f5-2aaa-4a89-ad31-e28114c251ac,Jinny Park: daft punk corpus
164,Daft Punk,Give Life Back to Music,2013,$c $c_cad,,$cc,,,D-CLP,d0f702f5-2aaa-4a89-ad31-e28114c251ac,Jinny Park: daft punk corpus
164,Daft Punk,Give Life Back to Music,2013,$cc*2,,"$hook_c, $instr_c",,,D-CLP,d0f702f5-2aaa-4a89-ad31-e28114c251ac,Jinny Park: daft punk corpus
341,Avril Lavigne ,Girlfriend ,2007,$hook $Vr $PCh $hook_b $Vr $PCh $Ch $bridge $hook_final $hook_b,,S,,,D,1ee83047-d5b5-3c0f-81f2-977c6b7c269c,Richards
341,Avril Lavigne ,Girlfriend ,2007,|1 R||||,|DM R||||||,$a,,1 R,D,1ee83047-d5b5-3c0f-81f2-977c6b7c269c,Richards
341,Avril Lavigne ,Girlfriend ,2007,|1  3-| 4|,|DM F#m| GM|,$turnaround,,1 3- 4,D,1ee83047-d5b5-3c0f-81f2-977c6b7c269c,Richards
341,Avril Lavigne ,Girlfriend ,2007,$a $turnaround,,$aa,,,D,1ee83047-d5b5-3c0f-81f2-977c6b7c269c,Richards
341,Avril Lavigne ,Girlfriend ,2007,$aa*2,,$hook_a,,,D,1ee83047-d5b5-3c0f-81f2-977c6b7c269c,Richards
341,Avril Lavigne ,Girlfriend ,2007,| 1 || 5 || 6- || 4 ||,|DM||AM||Bm||GM||,$b,Axis-C,1 5 6- 4,D,1ee83047-d5b5-3c0f-81f2-977c6b7c269c,Richards
341,Avril Lavigne ,Girlfriend ,2007,$b*2,,$Vr,,,D,1ee83047-d5b5-3c0f-81f2-977c6b7c269c,Richards
341,Avril Lavigne ,Girlfriend ,2007,|6-||3-||5||4|5|,|Bm||F#m||AM||GM|AM|,$PCh,,6- 3- 5 4 5,D,1ee83047-d5b5-3c0f-81f2-977c6b7c269c,Richards
341,Avril Lavigne ,Girlfriend ,2007,| 1  5 | 6-  4 |,|DM AM|Bm GM|,$b_fast,Axis-C,1 5 6- 4,D,1ee83047-d5b5-3c0f-81f2-977c6b7c269c,Richards
341,Avril Lavigne ,Girlfriend ,2007,$b_fast*3 $turnaround,,$bb,,,D,1ee83047-d5b5-3c0f-81f2-977c6b7c269c,Richards
341,Avril Lavigne ,Girlfriend ,2007,$bb*2,,$hook_b,,,D,1ee83047-d5b5-3c0f-81f2-977c6b7c269c,Richards
341,Avril Lavigne ,Girlfriend ,2007,|R||||||||,|R||||||||,$break,Rest,R,D,1ee83047-d5b5-3c0f-81f2-977c6b7c269c,Richards
341,Avril Lavigne ,Girlfriend ,2007,$break*2,,$bridge,,,D,1ee83047-d5b5-3c0f-81f2-977c6b7c269c,Richards
341,Avril Lavigne ,Girlfriend ,2007,$aa $bb,,$hook_final,,,D,1ee83047-d5b5-3c0f-81f2-977c6b7c269c,Richards
229,"Pitbull feat. NeYo, Afrojack, and Nayer ",Give Me Everything ,2011,$hook_a $riser $hook_b $Vr $drop $Ch $hook_a*2 $hook_b $Vr $drop $Ch $hook_a $hook_b $Ch $outro,,S,,,C,244e0067-7a2f-407f-a5d0-c525c18e3218,Richards
229,"Pitbull feat. NeYo, Afrojack, and Nayer ",Give Me Everything ,2011,|1||||4||||,|EbM||||AbM||||,"$a, $outro",Ionian-plagal,1 4,C,244e0067-7a2f-407f-a5d0-c525c18e3218,Richards
229,"Pitbull feat. NeYo, Afrojack, and Nayer ",Give Me Everything ,2011,$a*2 ,,$hook_a,,,C,244e0067-7a2f-407f-a5d0-c525c18e3218,Richards
229,"Pitbull feat. NeYo, Afrojack, and Nayer ",Give Me Everything ,2011,|R||||||||,|R||||||||,$riser,Rest,R,C,244e0067-7a2f-407f-a5d0-c525c18e3218,Richards
229,"Pitbull feat. NeYo, Afrojack, and Nayer ",Give Me Everything ,2011,|6-| . 4 . . |1 | . 5 . . |,|Cm| . AbM . . |EbM | . BbM . . |,$b,Axis-A,6- 4 1 5,C,244e0067-7a2f-407f-a5d0-c525c18e3218,Richards
229,"Pitbull feat. NeYo, Afrojack, and Nayer ",Give Me Everything ,2011,$b*4,,"$hook_b, $Vr, $Ch",,,C,244e0067-7a2f-407f-a5d0-c525c18e3218,Richards
229,"Pitbull feat. NeYo, Afrojack, and Nayer ",Give Me Everything ,2011,|1|||R|,|EbM|||R|,$drop,,1 R,C,244e0067-7a2f-407f-a5d0-c525c18e3218,Richards
292,The All-American Rejects ,Gives You Hell ,2009,$In $Vr $Ch $Vr $PCh $Ch_2 $link $Vr_2 $PCh $Ch_2 $bridge $Ch_3*2 $ending,,S,,,D,24bfcccb-a040-3e1e-a796-31c158cfdd98,Richards
292,The All-American Rejects ,Gives You Hell ,2009,|1|6-|4||,|EM|C#m|AM||,$a,,1 6- 4,D,24bfcccb-a040-3e1e-a796-31c158cfdd98,Richards
292,The All-American Rejects ,Gives You Hell ,2009,$a*2,,"$In, $Ch, $link, $Vr_2",,,D,24bfcccb-a040-3e1e-a796-31c158cfdd98,Richards
292,The All-American Rejects ,Gives You Hell ,2009,$a*4,,$Vr,,,D,24bfcccb-a040-3e1e-a796-31c158cfdd98,Richards
292,The All-American Rejects ,Gives You Hell ,2009,|5||6-||5||4||,|BM||C#m||BM||AM||,$PCh,,5 6- 5 4,D,24bfcccb-a040-3e1e-a796-31c158cfdd98,Richards
292,The All-American Rejects ,Gives You Hell ,2009,|1|5|4||,|EM|BM|AM||,$a_sub,One Five Four,1 5 4,D,24bfcccb-a040-3e1e-a796-31c158cfdd98,Richards
292,The All-American Rejects ,Gives You Hell ,2009,$a*3 $a_sub,,$Ch_2,,,D,24bfcccb-a040-3e1e-a796-31c158cfdd98,Richards
292,The All-American Rejects ,Gives You Hell ,2009,|6-||4||1||3- . . 2-| . . 1 . |,|C#m||AM||EM||G#m . . F#m| . . EM . |,$b,,6- 4 1 3- 2- 1,D,24bfcccb-a040-3e1e-a796-31c158cfdd98,Richards
292,The All-American Rejects ,Gives You Hell ,2009,|6-||6o||2-||5||,|C#m||C#o||F#m||BM||,$b_turnaround,,6- 6o 2- 5,D,24bfcccb-a040-3e1e-a796-31c158cfdd98,Richards
292,The All-American Rejects ,Gives You Hell ,2009,$b $b_turnaround,,$bridge,,,D,24bfcccb-a040-3e1e-a796-31c158cfdd98,Richards
292,The All-American Rejects ,Gives You Hell ,2009,|1||4||6- |5|1||,|EM||AM||C#m |BM|EM||,$c,,1 4 6- 5 1,D,24bfcccb-a040-3e1e-a796-31c158cfdd98,Richards
292,The All-American Rejects ,Gives You Hell ,2009,$c*2,,$Ch_3,,,D,24bfcccb-a040-3e1e-a796-31c158cfdd98,Richards
292,The All-American Rejects ,Gives You Hell ,2009,|6- |5|1||,|C#m |BM|EM||,$turnaround,,6- 5 1,D,24bfcccb-a040-3e1e-a796-31c158cfdd98,Richards
292,The All-American Rejects ,Gives You Hell ,2009,$turnaround*2,,$ending,,,D,24bfcccb-a040-3e1e-a796-31c158cfdd98,Richards
230,Blake Shelton ,God Gave Me You ,2011,$In $Vr $PCh $Ch $PostCh $Vr $PCh $Ch $bridge $link $Ch $PostCh*2 $ending,,S,,,D,e05bde75-2286-4af0-b446-0a13472ac9d6,Richards
230,Blake Shelton ,God Gave Me You ,2011,|4 . . 1||6- . . 5||,|GM . . DM||Bm . . AM||,$a,Four One Six Five,4 1 6- 5,D,e05bde75-2286-4af0-b446-0a13472ac9d6,Richards
230,Blake Shelton ,God Gave Me You ,2011,$a*4,,$In,,,D,e05bde75-2286-4af0-b446-0a13472ac9d6,Richards
230,Blake Shelton ,God Gave Me You ,2011,|2-||4||,|Em||GM||,$a_turnaround,,2- 4,D,e05bde75-2286-4af0-b446-0a13472ac9d6,Richards
230,Blake Shelton ,God Gave Me You ,2011,$a*2,,"$Vr, $PostCh, $link",,,D,e05bde75-2286-4af0-b446-0a13472ac9d6,Richards
230,Blake Shelton ,God Gave Me You ,2011,$a $a_turnaround,,$PCh,,,D,e05bde75-2286-4af0-b446-0a13472ac9d6,Richards
230,Blake Shelton ,God Gave Me You ,2011,|2-||4|5|,|Em||GM|AM|,$a_cad,,2- 4 5,D,e05bde75-2286-4af0-b446-0a13472ac9d6,Richards
230,Blake Shelton ,God Gave Me You ,2011,$a*3 $a_cad,,$Ch,,,D,e05bde75-2286-4af0-b446-0a13472ac9d6,Richards
230,Blake Shelton ,God Gave Me You ,2011,| 6- || 4 || 1 || 5 ||,|Bm||GM||DM||AM||,$b,Axis-A,6- 4 1 5,D,e05bde75-2286-4af0-b446-0a13472ac9d6,Richards
230,Blake Shelton ,God Gave Me You ,2011,$b*2,,$bridge,,,D,e05bde75-2286-4af0-b446-0a13472ac9d6,Richards
230,Blake Shelton ,God Gave Me You ,2011,|4||||||,|GM||||||,$ending,Four,4,D,e05bde75-2286-4af0-b446-0a13472ac9d6,Richards
165,Phillip Phillips ,"Gone, Gone, Gone ",2013,$In $Vr*2 $PCh $turnaround $Ch $turnaround $link $Vr $PCh $turnaround $Ch $turnaround $bridge $Ch*2 $PostCh $outro,,S,,,D,9e24e6f3-a542-3fe2-90f0-8e87012f2618,Richards
165,Phillip Phillips ,"Gone, Gone, Gone ",2013,|1||||,|GM||||,"$In, $link, $outro",One,1,D,9e24e6f3-a542-3fe2-90f0-8e87012f2618,Richards
165,Phillip Phillips ,"Gone, Gone, Gone ",2013,|1||||5||||6-||||4||||,|GM||||DM||||Em||||CM||||,"$a, $Vr",Axis-C,1 5 6- 4,D,9e24e6f3-a542-3fe2-90f0-8e87012f2618,Richards
165,Phillip Phillips ,"Gone, Gone, Gone ",2013,|4|1|5||,|CM|GM|DM||,$b,Closed Double Plagal,4 1 5,D,9e24e6f3-a542-3fe2-90f0-8e87012f2618,Richards
165,Phillip Phillips ,"Gone, Gone, Gone ",2013,$b*2,,$PCh,,,D,9e24e6f3-a542-3fe2-90f0-8e87012f2618,Richards
165,Phillip Phillips ,"Gone, Gone, Gone ",2013,|4 . . 1||6- . . 5||,|CM . . GM||Em . . DM||,$c,Four One Six Five,4 1 6- 5,D,9e24e6f3-a542-3fe2-90f0-8e87012f2618,Richards
165,Phillip Phillips ,"Gone, Gone, Gone ",2013,$c*4,,$Ch,,,D,9e24e6f3-a542-3fe2-90f0-8e87012f2618,Richards
165,Phillip Phillips ,"Gone, Gone, Gone ",2013,|R||,|R||,$turnaround,Rest,R,D,9e24e6f3-a542-3fe2-90f0-8e87012f2618,Richards
165,Phillip Phillips ,"Gone, Gone, Gone ",2013,|6-||1||4|||5|,|Em||GM||CM|||DM|,$d,,6- 1 4 5,D,9e24e6f3-a542-3fe2-90f0-8e87012f2618,Richards
165,Phillip Phillips ,"Gone, Gone, Gone ",2013,$d*2 $c*4,,$bridge,,,D,9e24e6f3-a542-3fe2-90f0-8e87012f2618,Richards
165,Phillip Phillips ,"Gone, Gone, Gone ",2013,|R||||||||,|R||||||||,$PostCh,Rest,R,D,9e24e6f3-a542-3fe2-90f0-8e87012f2618,Richards
170,Daft Punk,Instant Crush,2013,$In $Vr $Ch $Vr_2 $Ch $PostCh $Ch $fadeout,,S,,,C,2d3968b0-cdfb-48ab-96ef-79f0c1ce018e,Jinny Park: daft punk corpus
170,Daft Punk,Instant Crush,2013,|4||2-||6-||5||,|GbM||Ebm||Bbm||AbM||,"$a, $In",,4 2- 6- 5,C,2d3968b0-cdfb-48ab-96ef-79f0c1ce018e,Jinny Park: daft punk corpus
170,Daft Punk,Instant Crush,2013,$a*4,,$Vr,,,C,2d3968b0-cdfb-48ab-96ef-79f0c1ce018e,Jinny Park: daft punk corpus
170,Daft Punk,Instant Crush,2013,|6-| 4| 2-| 5|,|Bbm| GbM| Ebm| AbM|,"$b, $fadeout",Aeolian-Dorian Four Chords,6- 4 2- 5,C,2d3968b0-cdfb-48ab-96ef-79f0c1ce018e,Jinny Park: daft punk corpus
170,Daft Punk,Instant Crush,2013,$b*4,,"$Ch, $outro",,,C,2d3968b0-cdfb-48ab-96ef-79f0c1ce018e,Jinny Park: daft punk corpus
170,Daft Punk,Instant Crush,2013,$a*5,,$Vr_2,,,C,2d3968b0-cdfb-48ab-96ef-79f0c1ce018e,Jinny Park: daft punk corpus
170,Daft Punk,Instant Crush,2013,$b*2,,$PostCh,,,C,2d3968b0-cdfb-48ab-96ef-79f0c1ce018e,Jinny Park: daft punk corpus
175,Daft Punk,Lose Yourself to Dance,2013,$In $Vr $hook $Vr $hook $hook*2 $instr $Vr $hook $hook $fadeout,,S,,,A,ce5b67ec-d4df-4850-aaf7-81464dd49814,"Peres, Jinny Park: daft punk corpus"
175,Daft Punk,Lose Yourself to Dance,2013,|2-||4||6-||5||,|Ebm||GbM||Bbm||AbM||,"$a, $Vr",Get Lucky,2- 4 6- 5,A,ce5b67ec-d4df-4850-aaf7-81464dd49814,"Peres, Jinny Park: daft punk corpus"
175,Daft Punk,Lose Yourself to Dance,2013,$a*2,,"$In, $hook, $instr, $fadeout",,,A,ce5b67ec-d4df-4850-aaf7-81464dd49814,"Peres, Jinny Park: daft punk corpus"
176,Daft Punk,Motherboard,2013,$ab $a*3 $b $a*6 $a*4 $a*4 $break $fadein $fadeout*2,,S,,,"B-CLP, D-CLP",525d6faf-47dd-4ec1-8468-19b235edc320,Jinny Park: daft punk corpus
176,Daft Punk,Motherboard,2013,|4|2-|6-|5|,|CM|Am|Em|DM|,$a,,4 2- 6- 5,"B-CLP, D-CLP",525d6faf-47dd-4ec1-8468-19b235edc320,Jinny Park: daft punk corpus
176,Daft Punk,Motherboard,2013,|4|2-|6-|3-|,|CM|Am|Em|Bm|,$b,,4 2- 6- 3-,"B-CLP, D-CLP",525d6faf-47dd-4ec1-8468-19b235edc320,Jinny Park: daft punk corpus
176,Daft Punk,Motherboard,2013,$a $b,,$ab,,,"B-CLP, D-CLP",525d6faf-47dd-4ec1-8468-19b235edc320,Jinny Park: daft punk corpus
176,Daft Punk,Motherboard,2013,|R||||||||||||,|R||||||||||||,$break,Rest,R,"B-CLP, D-CLP",525d6faf-47dd-4ec1-8468-19b235edc320,Jinny Park: daft punk corpus
176,Daft Punk,Motherboard,2013,|4|2-|5|3-|,|CM|Am|DM|Bm|,$c,,4 2- 5 3-,"B-CLP, D-CLP",525d6faf-47dd-4ec1-8468-19b235edc320,Jinny Park: daft punk corpus
176,Daft Punk,Motherboard,2013,$c*4,,"$fadein, $fadeout",,,"B-CLP, D-CLP",525d6faf-47dd-4ec1-8468-19b235edc320,Jinny Park: daft punk corpus
182,Daft Punk,The Game of Love,2013,$In $instr $Vr $instr $Vr_2 $link_2 $instr $Vr $bridge $Vr_2*4 $ending,,S,,,A,44c7d502-c408-4c09-8c28-65de55f7a6ae,Jinny Park: daft punk corpus
182,Daft Punk,The Game of Love,2013,|6-||5||,|Am||GM||,"$a, $Vr_2, $link_2",,6- 5,A,44c7d502-c408-4c09-8c28-65de55f7a6ae,Jinny Park: daft punk corpus
182,Daft Punk,The Game of Love,2013,$a*4,,$Vr,,,A,44c7d502-c408-4c09-8c28-65de55f7a6ae,Jinny Park: daft punk corpus
182,Daft Punk,The Game of Love,2013,$a*2,,"$link, $In, $instr",,,A,44c7d502-c408-4c09-8c28-65de55f7a6ae,Jinny Park: daft punk corpus
182,Daft Punk,The Game of Love,2013,$a*6,,$bridge,,,A,44c7d502-c408-4c09-8c28-65de55f7a6ae,Jinny Park: daft punk corpus
182,Daft Punk,The Game of Love,2013,|6-||,|Am||,$ending,Six,6-,A,44c7d502-c408-4c09-8c28-65de55f7a6ae,Jinny Park: daft punk corpus
183,Daft Punk,Touch,2013,$In $Vr_a $instr_b $instr_b $instr_c $Vr_c $Vr_c_longer $filtersweep $instr_cc $instr_cc_longer $Vr_a,,S,,,D,91d28a44-98b0-49cc-baa5-1895c6bffe63,Jinny Park: daft punk corpus
183,Daft Punk,Touch,2013,|2-|4|6-|5|,|Bm| DM| F#m| Em|,$a,Get Lucky,2- 4 6- 5,D,91d28a44-98b0-49cc-baa5-1895c6bffe63,Jinny Park: daft punk corpus
183,Daft Punk,Touch,2013,|4|2- 3|6- 1 |2 |,|DM|Bm C#M|F#m AM |BM |,$a_turnaround,,4 2- 3 6- 1 2,D,91d28a44-98b0-49cc-baa5-1895c6bffe63,Jinny Park: daft punk corpus
183,Daft Punk,Touch,2013,$a*2 $a_turnaround,,"$In, $Vr_a",,,D,91d28a44-98b0-49cc-baa5-1895c6bffe63,Jinny Park: daft punk corpus
183,Daft Punk,Touch,2013,|2-|5|3- 6-|,|Bm|EM|C#m F#m|,$b,,2- 5 3- 6-,D,91d28a44-98b0-49cc-baa5-1895c6bffe63,Jinny Park: daft punk corpus
183,Daft Punk,Touch,2013,|4|5|3- 6-|,|DM| EM| C#m F#m |,$c,,4 5 3- 6-,D,91d28a44-98b0-49cc-baa5-1895c6bffe63,Jinny Park: daft punk corpus
183,Daft Punk,Touch,2013,$b*4,,$instr_b,,,D,91d28a44-98b0-49cc-baa5-1895c6bffe63,Jinny Park: daft punk corpus
183,Daft Punk,Touch,2013,$c*2,,$instr_c,,,D,91d28a44-98b0-49cc-baa5-1895c6bffe63,Jinny Park: daft punk corpus
183,Daft Punk,Touch,2013,$c*3,,$Vr_c,,,D,91d28a44-98b0-49cc-baa5-1895c6bffe63,Jinny Park: daft punk corpus
183,Daft Punk,Touch,2013,$c*5,,$Vr_c_longer,,,D,91d28a44-98b0-49cc-baa5-1895c6bffe63,Jinny Park: daft punk corpus
183,Daft Punk,Touch,2013,|R||||||||,|R||||||||,$filtersweep,Rest,R,D,91d28a44-98b0-49cc-baa5-1895c6bffe63,Jinny Park: daft punk corpus
183,Daft Punk,Touch,2013,|4||5||3-| 6-|,|DM|| EM|| C#m| F#m |,$cc,,4 5 3- 6-,D,91d28a44-98b0-49cc-baa5-1895c6bffe63,Jinny Park: daft punk corpus
183,Daft Punk,Touch,2013,$cc*4,,$instr_cc,,,D,91d28a44-98b0-49cc-baa5-1895c6bffe63,Jinny Park: daft punk corpus
183,Daft Punk,Touch,2013,$cc*10,,$instr_cc_longer,,,D,91d28a44-98b0-49cc-baa5-1895c6bffe63,Jinny Park: daft punk corpus
188,Daft Punk,Within,2013,$In $Vr $Ch $link $Vr $Ch*2 $outro $ending,,S,,,A,d9326c3e-bf51-4532-b8ff-8714752a0cf4,Jinny Park: daft punk corpus
188,Daft Punk,Within,2013,|6-| 4| 2-| 5|,|Bbm| GbM| Ebm| AbM|,"$a, $outro",Aeolian-Dorian Four Chords,6- 4 2- 5,A,d9326c3e-bf51-4532-b8ff-8714752a0cf4,Jinny Park: daft punk corpus
188,Daft Punk,Within,2013,$a*3,,$In,,,A,d9326c3e-bf51-4532-b8ff-8714752a0cf4,Jinny Park: daft punk corpus
188,Daft Punk,Within,2013,$a*4,,$Vr,,,A,d9326c3e-bf51-4532-b8ff-8714752a0cf4,Jinny Park: daft punk corpus
188,Daft Punk,Within,2013,$a*2,,"$Ch, $link",,,A,d9326c3e-bf51-4532-b8ff-8714752a0cf4,Jinny Park: daft punk corpus
188,Daft Punk,Within,2013,|6-||,|Bbm||,$ending,Six,6-,A,d9326c3e-bf51-4532-b8ff-8714752a0cf4,Jinny Park: daft punk corpus
38,M83,Midnight City,2018,$In $hook $Vr $hook $Vr $Vr $hook $bridge $hook $PostCh $fadeout,,S,,,A,8ad1f700-b48a-41fe-bda4-35a1e09d6ca3,Duinker
38,M83,Midnight City,2018,|4|6-|5|2- . . 1|,|GM|Bm|AM|Em . . DM|,$a,,4 6- 5 2- 1,A,8ad1f700-b48a-41fe-bda4-35a1e09d6ca3,Duinker
38,M83,Midnight City,2018,$a*2,,"$In, $hook, $Vr, $fadeout",,,A,8ad1f700-b48a-41fe-bda4-35a1e09d6ca3,Duinker
38,M83,Midnight City,2018,$a*4,,"$bridge, $PostCh",,,A,8ad1f700-b48a-41fe-bda4-35a1e09d6ca3,Duinker
177,CHVRCHES,Night Sky,2013,$Vr $PCh $Ch $Vr $PCh $Ch $bridge $Ch $PostCh $fadeout,,S,,,C,b92b4f92-d20d-47ad-bc74-6c089a710516,Duinker
177,CHVRCHES,Night Sky,2013,|4||6-|5|,|DbM||Fm|EbM|,"$a, $PostCh",Plateau: open neighboring loop,4 6- 5,C,b92b4f92-d20d-47ad-bc74-6c089a710516,Duinker
177,CHVRCHES,Night Sky,2013,$a*4,,"$Vr, $Ch",,,C,b92b4f92-d20d-47ad-bc74-6c089a710516,Duinker
177,CHVRCHES,Night Sky,2013,$a*2,,$PCh,,,C,b92b4f92-d20d-47ad-bc74-6c089a710516,Duinker
177,CHVRCHES,Night Sky,2013,|5||||||||,|EbM||||||||,$b,Five,5,C,b92b4f92-d20d-47ad-bc74-6c089a710516,Duinker
177,CHVRCHES,Night Sky,2013,$b*2,,"$bridge, $fadeout",,,C,b92b4f92-d20d-47ad-bc74-6c089a710516,Duinker
13,Kehlani ft. Ty Dolla $ign,Nights Like This,2019,$In $Vr $PCh $Ch $Vr $PCh $Ch $PostCh $bridge $Ch $PostCh,,S,,,A-CLP,54a0f7a8-f5dc-454c-8c52-f40cac6248b4,Duinker
13,Kehlani ft. Ty Dolla $ign,Nights Like This,2019,|4||6-|5|,|AbM||Cm|BbM|,$a,Plateau: open neighboring loop,4 6- 5,A-CLP,54a0f7a8-f5dc-454c-8c52-f40cac6248b4,Duinker
13,Kehlani ft. Ty Dolla $ign,Nights Like This,2019,|4||6-|3-|,|AbM||Cm|Gm|,$b,,4 6- 3-,A-CLP,54a0f7a8-f5dc-454c-8c52-f40cac6248b4,Duinker
13,Kehlani ft. Ty Dolla $ign,Nights Like This,2019,$a $b,,"$ab, $In, $Vr, $PCh, $PostCh",,,A-CLP,54a0f7a8-f5dc-454c-8c52-f40cac6248b4,Duinker
13,Kehlani ft. Ty Dolla $ign,Nights Like This,2019,$ab*2,,$Ch,,,A-CLP,54a0f7a8-f5dc-454c-8c52-f40cac6248b4,Duinker
13,Kehlani ft. Ty Dolla $ign,Nights Like This,2019,$a*4,,$bridge,,,A-CLP,54a0f7a8-f5dc-454c-8c52-f40cac6248b4,Duinker
48,The Chainsmokers,Paris,2017,$In $Vr $Ch $DCh $Vr $Ch $DCh $PostCh $Ch $riser $DCh*2 $fadeout,,S,,,A,eb20436b-db47-472c-a605-79e99ea9f5ec,Duinker
48,The Chainsmokers,Paris,2017,|4|6-|5|3-|,|GM|Bm|AM|F#m|,"$a, In",Four Six Five Three,4 6- 5 3-,A,eb20436b-db47-472c-a605-79e99ea9f5ec,Duinker
48,The Chainsmokers,Paris,2017,$a*2,,"$Vr, $Ch, $DCh, $PostCh, $riser, $fadeout",,,A,eb20436b-db47-472c-a605-79e99ea9f5ec,Duinker
242,Bon Iver,Perth,2011,$In $Vr $Ch $Vr_2 $bridge $link $Ch*2 $ending,,S,,,C,ae903bf2-be5e-42e6-b547-4563c9c7aa6d,Duinker
242,Bon Iver,Perth,2011,|4|5|6-||,|AbM|BbM|Cm||,$a,Plateau: open passing loop,4 5 6-,C,ae903bf2-be5e-42e6-b547-4563c9c7aa6d,Duinker
242,Bon Iver,Perth,2011,$a*6,,$In,,,C,ae903bf2-be5e-42e6-b547-4563c9c7aa6d,Duinker
242,Bon Iver,Perth,2011,|R||||||||,|R||||||||,$b,,,C,ae903bf2-be5e-42e6-b547-4563c9c7aa6d,Duinker
242,Bon Iver,Perth,2011,$b*2,,$Vr,,,C,ae903bf2-be5e-42e6-b547-4563c9c7aa6d,Duinker
242,Bon Iver,Perth,2011,$a*4,,"$Ch, $Vr_2",,,C,ae903bf2-be5e-42e6-b547-4563c9c7aa6d,Duinker
242,Bon Iver,Perth,2011,|2-|6-|1|5 4||||,|Fm|Cm|EbM|BbM AbM||||,$c,,2- 6- 1 5 4,C,ae903bf2-be5e-42e6-b547-4563c9c7aa6d,Duinker
242,Bon Iver,Perth,2011,$c*3,,$bridge,,,C,ae903bf2-be5e-42e6-b547-4563c9c7aa6d,Duinker
242,Bon Iver,Perth,2011,$a*3,,$link,,,C,ae903bf2-be5e-42e6-b547-4563c9c7aa6d,Duinker
242,Bon Iver,Perth,2011,|2- 6- . |1 5 4||,|Fm CM . |EbM BbM AbM||,$ending,,2- 6- 1 5 4,C,ae903bf2-be5e-42e6-b547-4563c9c7aa6d,Duinker
106,Justin Bieber,Sorry,2015,$In $Vr*2 $Ch $DCh $link $Vr $Ch*2 $DCh*2 $outro,,S,,,C,f6475e6e-604f-4194-bc48-9defef8dfd74,"Duinker, Peres"
106,Justin Bieber,Sorry,2015,|4 6-|5|,|AbM Cm|BbM|,"$a, $link",Plateau: open neighboring loop,4 6- 5,C,f6475e6e-604f-4194-bc48-9defef8dfd74,"Duinker, Peres"
106,Justin Bieber,Sorry,2015,$a*2,,"$In, $outro",,,C,f6475e6e-604f-4194-bc48-9defef8dfd74,"Duinker, Peres"
106,Justin Bieber,Sorry,2015,$a*4,,$Vr,,,C,f6475e6e-604f-4194-bc48-9defef8dfd74,"Duinker, Peres"
106,Justin Bieber,Sorry,2015,|2-|4 5|,|Fm|AbM BbM|,$turnaround,,2- 4 5,C,f6475e6e-604f-4194-bc48-9defef8dfd74,"Duinker, Peres"
106,Justin Bieber,Sorry,2015,$a*3 $turnaround,,"$Ch, $DCh",,,C,f6475e6e-604f-4194-bc48-9defef8dfd74,"Duinker, Peres"
280,Jónsi,Tornado,2010,$In $Vr_a $Ch $Vr_c $Ch $bridge $PostCh $cadence $d_ending,,S,,,D-CLP,7c28f37d-f5b8-3ad0-a3e5-6b02792592f9,Duinker
280,Jónsi,Tornado,2010,|4||6-||,|Fm||AM||,$a,Lydian-Aeolian Plateau Shuttle,4 6-,D-CLP,7c28f37d-f5b8-3ad0-a3e5-6b02792592f9,Duinker
280,Jónsi,Tornado,2010,$a*2,,$In,,,D-CLP,7c28f37d-f5b8-3ad0-a3e5-6b02792592f9,Duinker
280,Jónsi,Tornado,2010,|4||6-||4||,|Fm||AM||Fm||,$aa,,4 6- 4,D-CLP,7c28f37d-f5b8-3ad0-a3e5-6b02792592f9,Duinker
280,Jónsi,Tornado,2010,$a*2 $aa,,$Vr_a,,,D-CLP,7c28f37d-f5b8-3ad0-a3e5-6b02792592f9,Duinker
280,Jónsi,Tornado,2010,|6-| . 5|4||,|AM| . GM|Fm||,$b,Plateau: Reverse open passing loop,6- 5 4,D-CLP,7c28f37d-f5b8-3ad0-a3e5-6b02792592f9,Duinker
280,Jónsi,Tornado,2010,|6-| . 3-|4||,|AM| . Em|Fm||,$b_sub,,6- 3- 4,D-CLP,7c28f37d-f5b8-3ad0-a3e5-6b02792592f9,Duinker
280,Jónsi,Tornado,2010,$b $b_sub,,$Ch,,,D-CLP,7c28f37d-f5b8-3ad0-a3e5-6b02792592f9,Duinker
280,Jónsi,Tornado,2010,|4| . 5|6-| . 3-|,|Fm| . GM|AM| . Em|,$c,,4 5 6- 3-,D-CLP,7c28f37d-f5b8-3ad0-a3e5-6b02792592f9,Duinker
280,Jónsi,Tornado,2010,|4| . 5|6-| . 3-|4||,|Fm| . GM|AM| . Em|Fm||,$cc,,4 5 6- 3- 4,D-CLP,7c28f37d-f5b8-3ad0-a3e5-6b02792592f9,Duinker
280,Jónsi,Tornado,2010,$c*2 $cc,,$Vr_c,,,D-CLP,7c28f37d-f5b8-3ad0-a3e5-6b02792592f9,Duinker
280,Jónsi,Tornado,2010,|2-|6-|1|5|,|Dm|Am|CM|GM|,$d,,2- 6- 1 5,D-CLP,7c28f37d-f5b8-3ad0-a3e5-6b02792592f9,Duinker
280,Jónsi,Tornado,2010,$d*4,,$bridge,,,D-CLP,7c28f37d-f5b8-3ad0-a3e5-6b02792592f9,Duinker
280,Jónsi,Tornado,2010,$c*2,,$PostCh,,,D-CLP,7c28f37d-f5b8-3ad0-a3e5-6b02792592f9,Duinker
280,Jónsi,Tornado,2010,|4||||||,|FM||||||,$cadence,Four,4,D-CLP,7c28f37d-f5b8-3ad0-a3e5-6b02792592f9,Duinker
280,Jónsi,Tornado,2010,|2-|6-|1|5|4||,|Dm|Am|CM|GM|FM||,$d_ending,,2 6- 1 5 4,D-CLP,7c28f37d-f5b8-3ad0-a3e5-6b02792592f9,Duinker
33,Young Thug,Icey,2018,$In $Vr*2 $Vr*2 $Ch*2 $Vr*2 $Vr*3 $Ch $Vr*2 $Vr*2 ,,S,,,"B, C",b2932272-743e-42b3-8785-aab009734566,Duinker
33,Young Thug,Icey,2018,|4|2-|,|CM|Am|,$a,,4 2-,"B, C",b2932272-743e-42b3-8785-aab009734566,Duinker
33,Young Thug,Icey,2018,|4|. 6- . 5|,|CM|. Em . DM|,$b,Plateau: open neighboring loop,4 6- 5,"B, C",b2932272-743e-42b3-8785-aab009734566,Duinker
33,Young Thug,Icey,2018,$a*4,,$In,,,"B, C",b2932272-743e-42b3-8785-aab009734566,Duinker
33,Young Thug,Icey,2018,$b*4,,"$Vr, $PCh, $Ch",,,"B, C",b2932272-743e-42b3-8785-aab009734566,Duinker
52,The Chainsmokers & Coldplay,Something Just Like This,2017,$In $Vr $PCh $Ch $DCh $Vr $PCh $Ch $bridge $riser $bridge_2 $DCh_c*2 $fadeout,,S,,,"C, D",9c54805f-5b61-4d91-b9f2-b437c96bf05e,"Duinker,Park: MusicID Top 200 (2000-2020)"
52,The Chainsmokers & Coldplay,Something Just Like This,2017,|4|. 5 . . |6-| . 5 . . |,|GM|. AM . . |Bm| . AM . . |,$a,Plateau: circular passing loop,4 5 6- 5,"C, D",9c54805f-5b61-4d91-b9f2-b437c96bf05e,"Duinker,Park: MusicID Top 200 (2000-2020)"
52,The Chainsmokers & Coldplay,Something Just Like This,2017,$a*2,,"$In, $fadeout",,,"C, D",9c54805f-5b61-4d91-b9f2-b437c96bf05e,"Duinker,Park: MusicID Top 200 (2000-2020)"
52,The Chainsmokers & Coldplay,Something Just Like This,2017,$a*4,,"$Vr, $PCh, $Ch, $DCh",,,"C, D",9c54805f-5b61-4d91-b9f2-b437c96bf05e,"Duinker,Park: MusicID Top 200 (2000-2020)"
52,The Chainsmokers & Coldplay,Something Just Like This,2017,|4|. 5 . . |6-| . 3- . . |,|GM|. AM . . |Bm| . F#m . . |,$a_sub,,4 5 6- 3-,"C, D",9c54805f-5b61-4d91-b9f2-b437c96bf05e,"Duinker,Park: MusicID Top 200 (2000-2020)"
52,The Chainsmokers & Coldplay,Something Just Like This,2017,$a_sub*4,,"$bridge, $riser",,,"C, D",9c54805f-5b61-4d91-b9f2-b437c96bf05e,"Duinker,Park: MusicID Top 200 (2000-2020)"
52,The Chainsmokers & Coldplay,Something Just Like This,2017,|4|. 5 . . |6-||4| . 1 . . | . 5 . 1 | 5|,|GM|. AM . . |Bm||GM| . DM . . | . AM . DM | AM|,$b,,4 5 6- 4 1 5 1 5,"C, D",9c54805f-5b61-4d91-b9f2-b437c96bf05e,"Duinker,Park: MusicID Top 200 (2000-2020)"
52,The Chainsmokers & Coldplay,Something Just Like This,2017,|3-|. 5 . . |6-||4| . 1 . . | . 5 . 1 | 5|,|F#m|. AM . . |Bm||GM| . DM . . | . AM . DM | AM|,$b_sub,,3- 5 6- 4 1 5 1 5,"C, D",9c54805f-5b61-4d91-b9f2-b437c96bf05e,"Duinker,Park: MusicID Top 200 (2000-2020)"
52,The Chainsmokers & Coldplay,Something Just Like This,2017,$b $b_sub,,$bridge_2,,,"C, D",9c54805f-5b61-4d91-b9f2-b437c96bf05e,"Duinker,Park: MusicID Top 200 (2000-2020)"
52,The Chainsmokers & Coldplay,Something Just Like This,2017,|4|. 5 . . |6-||1|,|GM|. AM . . |Bm||DM|,$c,Plateau: ascending passing loop,4 5 6- 1,"C, D",9c54805f-5b61-4d91-b9f2-b437c96bf05e,"Duinker,Park: MusicID Top 200 (2000-2020)"
52,The Chainsmokers & Coldplay,Something Just Like This,2017,$c*4,,$DCh_c,,,"C, D",9c54805f-5b61-4d91-b9f2-b437c96bf05e,"Duinker,Park: MusicID Top 200 (2000-2020)"
53,Ásgeir,Stardust,2017,$In $Vr $Vr_a $Ch $link $Vr_a $Ch $bridge $Ch $outro,,S,,,B-CLP,153477ae-1392-4746-90f7-7524c486471b,Duinker
53,Ásgeir,Stardust,2017,|4 . 5|6- . 1|,|DbM . EbM|Fm . AbM|,$a,Plateau: ascending passing loop,4 5 6- 1,B-CLP,153477ae-1392-4746-90f7-7524c486471b,Duinker
53,Ásgeir,Stardust,2017,|4 . 5|6- . 3-|,|DbM . EbM|Fm . Cm|,$b,,4 5 6- 3-,B-CLP,153477ae-1392-4746-90f7-7524c486471b,Duinker
53,Ásgeir,Stardust,2017,$a $b,,$ab,,,B-CLP,153477ae-1392-4746-90f7-7524c486471b,Duinker
53,Ásgeir,Stardust,2017,$ab*2,,"$In, $Vr",,,B-CLP,153477ae-1392-4746-90f7-7524c486471b,Duinker
53,Ásgeir,Stardust,2017,$a*4,,"$Vr_a, $link",,,B-CLP,153477ae-1392-4746-90f7-7524c486471b,Duinker
53,Ásgeir,Stardust,2017,|4 . 2-|6- . 1|,|DbM . Bbm|Fm . AbM|,$c,,4 2- 6- 1,B-CLP,153477ae-1392-4746-90f7-7524c486471b,Duinker
53,Ásgeir,Stardust,2017,$c $b,,$cb,,,B-CLP,153477ae-1392-4746-90f7-7524c486471b,Duinker
53,Ásgeir,Stardust,2017,$cb*2,,$Ch,,,B-CLP,153477ae-1392-4746-90f7-7524c486471b,Duinker
53,Ásgeir,Stardust,2017,$a*5,,$bridge,,,B-CLP,153477ae-1392-4746-90f7-7524c486471b,Duinker
53,Ásgeir,Stardust,2017,$a*8,,$outro,,,B-CLP,153477ae-1392-4746-90f7-7524c486471b,Duinker
92,Astrid S,Hurts So Good,2015,$In $Vr $PCh $Ch $DCh $Vr $PCh $Ch $DCh $bridge $Ch $DCh $fadeout,,S,,,C,d3c24827-86b2-44f1-a942-5356bfcb8e24,Duinker
92,Astrid S,Hurts So Good,2015,|4 . . 6-||5 . . 3-||,|EbM . . Gm||FM . . Dm||,"$a, $In",Four Six Five Three,4 6- 5 3-,C,d3c24827-86b2-44f1-a942-5356bfcb8e24,Duinker
92,Astrid S,Hurts So Good,2015,$a*2,,"$Vr, $PCh, $Ch, $DCh, $fadeout",,,C,d3c24827-86b2-44f1-a942-5356bfcb8e24,Duinker
92,Astrid S,Hurts So Good,2015,|2- . . 6-||1 . . 5||,|Cm . . Gm||BbM . . FM||$b,,,2- 6- 1 5,C,d3c24827-86b2-44f1-a942-5356bfcb8e24,Duinker
92,Astrid S,Hurts So Good,2015,$b*2,,$bridge,,,C,d3c24827-86b2-44f1-a942-5356bfcb8e24,Duinker
93,Justin Bieber,I'll Show You,2015,$Vr $Ch $Vr $Ch_b $Ch_c $DCh $Vr $Ch_b $Ch_c $DCh $outro,,S,,,"B-CLP, D-CLP",d0466c85-ad32-4a26-b72f-442d7f708a92,Duinker
93,Justin Bieber,I'll Show You,2015,|6- 5|4|,|Am . . GM| . . FM||,$a,Plateau: Reverse open passing loop,6- 5 4,"B-CLP, D-CLP",d0466c85-ad32-4a26-b72f-442d7f708a92,Duinker
93,Justin Bieber,I'll Show You,2015,$a*4,,$Vr,,,"B-CLP, D-CLP",d0466c85-ad32-4a26-b72f-442d7f708a92,Duinker
93,Justin Bieber,I'll Show You,2015,|4| . 2-|6-| . 1|,|FM|. Dm|Am|. CM|,$b,,4 2- 6- 1,"B-CLP, D-CLP",d0466c85-ad32-4a26-b72f-442d7f708a92,Duinker
93,Justin Bieber,I'll Show You,2015,$b*4,,$Ch_b,,,"B-CLP, D-CLP",d0466c85-ad32-4a26-b72f-442d7f708a92,Duinker
93,Justin Bieber,I'll Show You,2015,|4|. 5|6-|. 1|,|FM|. GM|Am|. CM|,$c,Plateau: ascending passing loop,4 5 6- 1,"B-CLP, D-CLP",d0466c85-ad32-4a26-b72f-442d7f708a92,Duinker
93,Justin Bieber,I'll Show You,2015,|4|. 5|6-|. 5|,|FM|. GM|Am|. GM|,$c_cad,Plateau: circular passing loop,4 5 6- 5,"B-CLP, D-CLP",d0466c85-ad32-4a26-b72f-442d7f708a92,Duinker
93,Justin Bieber,I'll Show You,2015,$c $c_cad,,"$Ch_c, $DCh, $outro",,,"B-CLP, D-CLP",d0466c85-ad32-4a26-b72f-442d7f708a92,Duinker
98,Oh Wonder ,Livewire,2015,$In $Vr $PCh $Ch $link $Vr $PCh*2 $Ch $PostCh $Ch $Ch $PostCh $outro,,S,,,D,24971472-88d3-4c91-845b-f2d67695c675,Duinker
98,Oh Wonder ,Livewire,2015,|R . . 3-|4|,|R . . Dm|EbM|,$a,,R 3- 4,D,24971472-88d3-4c91-845b-f2d67695c675,Duinker
98,Oh Wonder ,Livewire,2015,$a*2,,"$In, $link",,,D,24971472-88d3-4c91-845b-f2d67695c675,Duinker
98,Oh Wonder ,Livewire,2015,$a*4,,$Vr,,,D,24971472-88d3-4c91-845b-f2d67695c675,Duinker
98,Oh Wonder ,Livewire,2015,|6-|1|5|4|,|Gm|BbM|FM|EbM|,$b,Six One Five Four,6- 1 5 4,D,24971472-88d3-4c91-845b-f2d67695c675,Duinker
98,Oh Wonder ,Livewire,2015,$b*2,,$PCh,,,D,24971472-88d3-4c91-845b-f2d67695c675,Duinker
98,Oh Wonder ,Livewire,2015,|4 . . 6-|5 . . 3-|,|EbM . . Gm|FM . . Dm|,$c,Four Six Five Three,4 6- 5 3-,D,24971472-88d3-4c91-845b-f2d67695c675,Duinker
98,Oh Wonder ,Livewire,2015,$c*4,,"$Ch, $PostCh, $outro",,,D,24971472-88d3-4c91-845b-f2d67695c675,Duinker
288,Drake,Best I ever Had,2009,$hook $Vr $hook $Vr $hook $fadeout,,S,,,A,a46b7bb9-52a2-43ff-8ab5-310efb746007,Duinker
288,Drake,Best I ever Had,2009,|4||3-||2-||||,|DbM||Cm||Bbm||||,$a,,4 3- 2-,A,a46b7bb9-52a2-43ff-8ab5-310efb746007,Duinker
288,Drake,Best I ever Had,2009,$a*4,,"$hook, $Vr, $fadeout",,,A,a46b7bb9-52a2-43ff-8ab5-310efb746007,Duinker
34,Young Thug & Lil' Uzi Vert,It's a Slime,2018,$In $Vr*10,Duinker,S,,,A,ffe97212-aab7-47d2-a7e1-581d4b3c11dd,Duinker
34,Young Thug & Lil' Uzi Vert,It's a Slime,2018,|4 . . 5| . 6- . . |,|#FM . . #GM| . #Am . . |,$a,Plateau: open passing loop,4 5 6-,A,ffe97212-aab7-47d2-a7e1-581d4b3c11dd,Duinker
34,Young Thug & Lil' Uzi Vert,It's a Slime,2018,$a*4,Duinker,"$In, $Vr",,,A,ffe97212-aab7-47d2-a7e1-581d4b3c11dd,Duinker
453,Staind,It's Been Awhile,2001,$In $Vr $Ch $Vr $Ch $bridge $Vr $Ch $ending,,S,,,C,28904971-46ee-4930-b684-b7434184a94c,Park: MusicID top 200 (2000-2020)
453,Staind,It's Been Awhile,2001,|2-|4|1|5|,|Am|CM|GM|DM|,$a,,2- 4 1 5,C,28904971-46ee-4930-b684-b7434184a94c,Park: MusicID top 200 (2000-2020)
453,Staind,It's Been Awhile,2001,$a*2,,$In,,,C,28904971-46ee-4930-b684-b7434184a94c,Park: MusicID top 200 (2000-2020)
453,Staind,It's Been Awhile,2001,$a*4,,"$Vr, $Ch",,,C,28904971-46ee-4930-b684-b7434184a94c,Park: MusicID top 200 (2000-2020)
453,Staind,It's Been Awhile,2001,|1|5|2-||,|GM|DM|Am|,$turnaround,,1 5 2-,C,28904971-46ee-4930-b684-b7434184a94c,Park: MusicID top 200 (2000-2020)
453,Staind,It's Been Awhile,2001,$turnaround*4,,$bridge,,,C,28904971-46ee-4930-b684-b7434184a94c,Park: MusicID top 200 (2000-2020)
453,Staind,It's Been Awhile,2001,|2-|4|1|,|Am|CM|GM|,$cadence,,2- 4 1,C,28904971-46ee-4930-b684-b7434184a94c,Park: MusicID top 200 (2000-2020)
453,Staind,It's Been Awhile,2001,$a $cadence,,$ending,,,C,28904971-46ee-4930-b684-b7434184a94c,Park: MusicID top 200 (2000-2020)
102,Taylor Swift,Out of the Woods,2015,$Vr $Ch $link $Vr $Ch $link $Ch $link $bridge $Ch*2,,S,,,A,1e459e1f-65f0-4e88-94a5-e7c530b11dc9,Peres
102,Taylor Swift,Out of the Woods,2015,| 1 || 5 || 6- || 4 ||,|CM||GM||Am||FM||,"$a, $Ch",Axis-C,1 5 6- 4,A,1e459e1f-65f0-4e88-94a5-e7c530b11dc9,Peres
102,Taylor Swift,Out of the Woods,2015,$a*2,,$Vr,,,A,1e459e1f-65f0-4e88-94a5-e7c530b11dc9,Peres
102,Taylor Swift,Out of the Woods,2015,|R||,|R||,"$link, $bridge",Rest,R,A,1e459e1f-65f0-4e88-94a5-e7c530b11dc9,Peres
217,Imagine Dragons,Radioactive,2012,$In $Vr_drop $PCh $Ch $DCh $Vr $PCh $Ch $DCh $bridge $Ch $DCh,,S,,,B,84292c2c-b88e-4b71-8716-2b7ad7f6f2e2,Park: MusicID top 200 (2000-2020)
217,Imagine Dragons,Radioactive,2012,|6-|1|5|6-|,|Bm|DM|AM|Bm|,$a,,6- 1 5 6-,B,84292c2c-b88e-4b71-8716-2b7ad7f6f2e2,Park: MusicID top 200 (2000-2020)
217,Imagine Dragons,Radioactive,2012,|6-||R|6- 3-|,|Bm||R|AM F#m|,$a_turnaround,,6- R 6- 3-,B,84292c2c-b88e-4b71-8716-2b7ad7f6f2e2,Park: MusicID top 200 (2000-2020)
217,Imagine Dragons,Radioactive,2012,$a*3,,$In,,,B,84292c2c-b88e-4b71-8716-2b7ad7f6f2e2,Park: MusicID top 200 (2000-2020)
217,Imagine Dragons,Radioactive,2012,|6-|1|5|2-|,|Bm|DM|AM|Em|,$b,,6- 1 5 2-,B,84292c2c-b88e-4b71-8716-2b7ad7f6f2e2,Park: MusicID top 200 (2000-2020)
217,Imagine Dragons,Radioactive,2012,|6-|1|5|R|,|Bm|DM|AM|R|,$b_drop,,6- 1 5 R,B,84292c2c-b88e-4b71-8716-2b7ad7f6f2e2,Park: MusicID top 200 (2000-2020)
217,Imagine Dragons,Radioactive,2012,$b $b_drop,,"$Vr_drop, $PCh",,,B,84292c2c-b88e-4b71-8716-2b7ad7f6f2e2,Park: MusicID top 200 (2000-2020)
217,Imagine Dragons,Radioactive,2012,|6-|1|5|2|,|Bm|DM|AM|EM|,$c,,6- 1 5 2-,B,84292c2c-b88e-4b71-8716-2b7ad7f6f2e2,Park: MusicID top 200 (2000-2020)
217,Imagine Dragons,Radioactive,2012,$c*2,,"$Ch, $DCh",,,B,84292c2c-b88e-4b71-8716-2b7ad7f6f2e2,Park: MusicID top 200 (2000-2020)
217,Imagine Dragons,Radioactive,2012,$b*2,,"$Vr, $bridge",,,B,84292c2c-b88e-4b71-8716-2b7ad7f6f2e2,Park: MusicID top 200 (2000-2020)
137,Ariana Grande featuring Iggy Azalea,Problem,2014,$In $Vr $Ch $DCh $link $Vr $PCh $Ch $DCh $bridge $riser $DCh*2,,S,,,B-CLP,2078d63c-69ad-4696-8e04-82ef6735a669,Peres
137,Ariana Grande featuring Iggy Azalea,Problem,2014,|4 . . 5|1|,|FM . . GM|CM|,$a,,4 5 1,B-CLP,2078d63c-69ad-4696-8e04-82ef6735a669,Peres
137,Ariana Grande featuring Iggy Azalea,Problem,2014,|4 . . 5|6-|,|FM . . GM|Am|,$b,Plateau: open passing loop,4 5 6-,B-CLP,2078d63c-69ad-4696-8e04-82ef6735a669,Peres
137,Ariana Grande featuring Iggy Azalea,Problem,2014,$a $b,,$ab,,,B-CLP,2078d63c-69ad-4696-8e04-82ef6735a669,Peres
137,Ariana Grande featuring Iggy Azalea,Problem,2014,$ab*2,,"$Vr, $Ch, $riser",,,B-CLP,2078d63c-69ad-4696-8e04-82ef6735a669,Peres
137,Ariana Grande featuring Iggy Azalea,Problem,2014,|6-||||,|Am||||,"$c, $In, $link",Six,6-,B-CLP,2078d63c-69ad-4696-8e04-82ef6735a669,Peres
137,Ariana Grande featuring Iggy Azalea,Problem,2014,$c*2,,$DCh,,,B-CLP,2078d63c-69ad-4696-8e04-82ef6735a669,Peres
137,Ariana Grande featuring Iggy Azalea,Problem,2014,$c*3,,$bridge,,,B-CLP,2078d63c-69ad-4696-8e04-82ef6735a669,Peres
103,Ludacris featuring Kelly Rowland,Representin',2015,$hook $Vr*2 $Ch $hook $Vr*2 $Ch $hook $Vr*2 $Ch $hook,,S,,,A,48cfee0c-c374-456b-98b2-d8415a02787b,Peres
103,Ludacris featuring Kelly Rowland,Representin',2015,|6-| . 1 . . |4| . 2- . . |,|Am| . CM . . |FM| . Dm . . |,$a,,6- 1 4 2-,A,48cfee0c-c374-456b-98b2-d8415a02787b,Peres
103,Ludacris featuring Kelly Rowland,Representin',2015,$a*2,,"$hook, $Vr",,,A,48cfee0c-c374-456b-98b2-d8415a02787b,Peres
103,Ludacris featuring Kelly Rowland,Representin',2015,$a*4,,$Ch,,,A,48cfee0c-c374-456b-98b2-d8415a02787b,Peres
178,Katy Perry,Roar,2013,$In $Vr $PCh $Ch $DCh $link $Vr $PCh $Ch $DCh*2 $bridge $Ch $DCh*2,,S,,,B,d1cc020a-6bd5-4b3b-a895-5971acd701f7,Peres
178,Katy Perry,Roar,2013,|1||,|BbM||,$In,One,1,B,d1cc020a-6bd5-4b3b-a895-5971acd701f7,Peres
178,Katy Perry,Roar,2013,|1| . 2-|6-| . 4|,|BbM| . Cm|Gm| . EbM|,"$a, $DCh",,1 2- 6- 4,B,d1cc020a-6bd5-4b3b-a895-5971acd701f7,Peres
178,Katy Perry,Roar,2013,$a*2,,"$Vr, $PCh, $Ch",,,B,d1cc020a-6bd5-4b3b-a895-5971acd701f7,Peres
178,Katy Perry,Roar,2013,|1|,|BbM|,$link,One,1,B,d1cc020a-6bd5-4b3b-a895-5971acd701f7,Peres
178,Katy Perry,Roar,2013,|1| . 2-|6-|5||,|BbM| . Cm|Gm|FM||,$bridge,,1 2- 6- 5,B,d1cc020a-6bd5-4b3b-a895-5971acd701f7,Peres
104,The Chainsmokers featuring Rosez,Roses,2015,$In $Vr_a $PCh $Ch $riser $DCh $PostCh $Vr_a $riser $DCh $PostCh ,,S,,,B,329c5769-396d-40f7-8176-c73932e78563,Peres
104,The Chainsmokers featuring Rosez,Roses,2015,|1||||,|EM||||,$a,,1,B,329c5769-396d-40f7-8176-c73932e78563,Peres
104,The Chainsmokers featuring Rosez,Roses,2015,$a*2,,$In,,,B,329c5769-396d-40f7-8176-c73932e78563,Peres
104,The Chainsmokers featuring Rosez,Roses,2015,$a*4,,$Vr_a,,,B,329c5769-396d-40f7-8176-c73932e78563,Peres
104,The Chainsmokers featuring Rosez,Roses,2015,|6-|4|1||,|C#m|AM|EM||,$b,Six Four One Rest,6- 4 1,B,329c5769-396d-40f7-8176-c73932e78563,Peres
104,The Chainsmokers featuring Rosez,Roses,2015,$b*2,,"$PCh, $Ch, $riser",,,B,329c5769-396d-40f7-8176-c73932e78563,Peres
104,The Chainsmokers featuring Rosez,Roses,2015,|6- 4|1|,|C#m AM|EM|,$b_short,Six Four One Rest,6- 4 1,B,329c5769-396d-40f7-8176-c73932e78563,Peres
104,The Chainsmokers featuring Rosez,Roses,2015,$b_short*4,,"$DCh, $PostCh",,,B,329c5769-396d-40f7-8176-c73932e78563,Peres
179,Lorde,Royals,2013,$Vr*2 $PCh $Ch $link $Vr*2 $PCh $Ch $bridge $Ch*2,,S,,,A,b44e94f0-c5c7-4805-a593-c7d9fa696d71,Peres
179,Lorde,Royals,2013,|R||||,|R||||,$a,,,A,b44e94f0-c5c7-4805-a593-c7d9fa696d71,Peres
179,Lorde,Royals,2013,|5||4|1|,|DM||CM|GM|,$b,,5 4 1,A,b44e94f0-c5c7-4805-a593-c7d9fa696d71,Peres
179,Lorde,Royals,2013,$a*2,,$Vr,,,A,b44e94f0-c5c7-4805-a593-c7d9fa696d71,Peres
179,Lorde,Royals,2013,$b*2,,"$PCh, $Ch, $bridge",,,A,b44e94f0-c5c7-4805-a593-c7d9fa696d71,Peres
179,Lorde,Royals,2013,|R||,|R||,"$a_short, $link",,,A,b44e94f0-c5c7-4805-a593-c7d9fa696d71,Peres
135,Ed Sheeran ,Photograph ,2014,$In $Vr $PCh $Ch $link $Vr $PCh $Ch $bridge $Ch $ending,,S,,,D,0f7b4fc9-1061-4e9b-bf8c-5e0726e3ad44,Richards
135,Ed Sheeran ,Photograph ,2014,|1||6-||5||4||,|EM||C#m||BM||AM||,"$a, $In",Axis-C-descent,1 6- 5 4,D,0f7b4fc9-1061-4e9b-bf8c-5e0726e3ad44,Richards
135,Ed Sheeran ,Photograph ,2014,$a*2,,$Vr,,,D,0f7b4fc9-1061-4e9b-bf8c-5e0726e3ad44,Richards
135,Ed Sheeran ,Photograph ,2014,| 6- | 4 | 1 | 5 |,|C#m|AM|EM|BM|,$b,Axis-A,6- 4 1 5,D,0f7b4fc9-1061-4e9b-bf8c-5e0726e3ad44,Richards
135,Ed Sheeran ,Photograph ,2014,$b*2,,$PCh,,,D,0f7b4fc9-1061-4e9b-bf8c-5e0726e3ad44,Richards
135,Ed Sheeran ,Photograph ,2014,|1||,|EM||,$link,One,1,D,0f7b4fc9-1061-4e9b-bf8c-5e0726e3ad44,Richards
135,Ed Sheeran ,Photograph ,2014,|1||5||6-||4||,|EM||BM||C#m||AM||,"$c, $ending",Axis-C,1 5 6- 4,D,0f7b4fc9-1061-4e9b-bf8c-5e0726e3ad44,Richards
135,Ed Sheeran ,Photograph ,2014,$c*2,,$Ch,,,D,0f7b4fc9-1061-4e9b-bf8c-5e0726e3ad44,Richards
135,Ed Sheeran ,Photograph ,2014,| 6- || 4 || 1 || 5 ||,|C#m||AM||EM||BM||,$bridge,Axis-A,6- 4 1 5,D,0f7b4fc9-1061-4e9b-bf8c-5e0726e3ad44,Richards
241,LMFAO,Party Rock Anthem,2011,$In $In_b $hook $hook_riser $DCh $Vr $hook $drop $DCh $link $bridge $riser $hook $PostCh $outro*2,,S,,,B,d1337e78-d062-4eab-841e-2047d7308c13,Park: MusicID top 200 (2000-2020)
241,LMFAO,Party Rock Anthem,2011,|R||||,|R||||,"$a, $drop",,,B,d1337e78-d062-4eab-841e-2047d7308c13,Park: MusicID top 200 (2000-2020)
241,LMFAO,Party Rock Anthem,2011,$a*4,,$In,,,B,d1337e78-d062-4eab-841e-2047d7308c13,Park: MusicID top 200 (2000-2020)
241,LMFAO,Party Rock Anthem,2011,|6-||5 . . 4||,|Fm||EbM . . DbM||,$b,Plateau: Reverse open passing loop,6- 5 4,B,d1337e78-d062-4eab-841e-2047d7308c13,Park: MusicID top 200 (2000-2020)
241,LMFAO,Party Rock Anthem,2011,$b*4,,"$In_b, $hook, $hook_riser, $bridge, $PostCh, $outro",,,B,d1337e78-d062-4eab-841e-2047d7308c13,Park: MusicID top 200 (2000-2020)
241,LMFAO,Party Rock Anthem,2011,|6-||||,|Fm||||,$c,Six,6-,B,d1337e78-d062-4eab-841e-2047d7308c13,Park: MusicID top 200 (2000-2020)
241,LMFAO,Party Rock Anthem,2011,$c*3 $b,,$DCh,,,B,d1337e78-d062-4eab-841e-2047d7308c13,Park: MusicID top 200 (2000-2020)
241,LMFAO,Party Rock Anthem,2011,$b $c,,$bc,,,B,d1337e78-d062-4eab-841e-2047d7308c13,Park: MusicID top 200 (2000-2020)
241,LMFAO,Party Rock Anthem,2011,$bc*4,,$Vr,,,B,d1337e78-d062-4eab-841e-2047d7308c13,Park: MusicID top 200 (2000-2020)
241,LMFAO,Party Rock Anthem,2011,$bc*2,,$link,,,B,d1337e78-d062-4eab-841e-2047d7308c13,Park: MusicID top 200 (2000-2020)
241,LMFAO,Party Rock Anthem,2011,$c*6,,$riser,,,B,d1337e78-d062-4eab-841e-2047d7308c13,Park: MusicID top 200 (2000-2020)
216,Rihanna,Pour it Up,2012,$In $Vr_drop $Vr $Ch $PostCh*2 $bridge $Vr_drop $Vr $Ch $PostCh*2 $bridge ,,S,,,B,1b026d72-7b03-4db3-9fbc-ea28e6f2bcb3,Peres
216,Rihanna,Pour it Up,2012,|6-||4||,|F#m||DM||,$a,Aeolian-Lydian Plateau Shuttle,6- 4,B,1b026d72-7b03-4db3-9fbc-ea28e6f2bcb3,Peres
216,Rihanna,Pour it Up,2012,|R||4||,|R||DM||,$a_drop,,R 4,B,1b026d72-7b03-4db3-9fbc-ea28e6f2bcb3,Peres
216,Rihanna,Pour it Up,2012,$a*2,,$In,,,B,1b026d72-7b03-4db3-9fbc-ea28e6f2bcb3,Peres
216,Rihanna,Pour it Up,2012,$a_drop*2,,$Vr_drop,,,B,1b026d72-7b03-4db3-9fbc-ea28e6f2bcb3,Peres
216,Rihanna,Pour it Up,2012,$a*2,,"$Vr, $Ch, $PostCh, $bridge",,,B,1b026d72-7b03-4db3-9fbc-ea28e6f2bcb3,Peres
279,Katy Perry,Teenage Dream,2010,$In $Vr_a $Vr_b $PCh $Ch*2 $Vr_b $PCh $Ch*2 $PostCh $link $Ch*2 $PostCh $fadeout,,S,,,B,f522fa2c-e5bd-3856-ae7e-cc690b98e373,"Peres, 2016"
279,Katy Perry,Teenage Dream,2010,|1||,|BM||,"$a, $In",One,1,B,f522fa2c-e5bd-3856-ae7e-cc690b98e373,"Peres, 2016"
279,Katy Perry,Teenage Dream,2010,$a*4,,$Vr_a,,,B,f522fa2c-e5bd-3856-ae7e-cc690b98e373,"Peres, 2016"
279,Katy Perry,Teenage Dream,2010,|4 . . 6- | . 5 . . |,|EM . . G#m | . F#M . . |,$b,Plateau: open neighboring loop,4 6- 5,B,f522fa2c-e5bd-3856-ae7e-cc690b98e373,"Peres, 2016"
279,Katy Perry,Teenage Dream,2010,$b*4,,"$Vr_b, $PCh, $Ch, $PostCh",,,B,f522fa2c-e5bd-3856-ae7e-cc690b98e373,"Peres, 2016"
279,Katy Perry,Teenage Dream,2010,$b*2,,"$link, $fadeout",,,B,f522fa2c-e5bd-3856-ae7e-cc690b98e373,"Peres, 2016"
186,Katy Perry,Unconditionally,2013,$In $Vr $Vr_drop $Ch*2 $Vr $Vr_drop2 $Ch*2 $PostCh $bridge $Ch*2 $PostCh*2,,S,,,B,eca2d765-0cb3-4de9-b9fa-f47b490da8d8,"Peres, 2016"
186,Katy Perry,Unconditionally,2013,|6-|4|1|. . . 5|,|Em|CM|GM|. . . DM|,"$a, $In",Axis-A,6- 4 1 5,B,eca2d765-0cb3-4de9-b9fa-f47b490da8d8,"Peres, 2016"
186,Katy Perry,Unconditionally,2013,$a*2,,"$Vr, $Ch, $PostCh",,,B,eca2d765-0cb3-4de9-b9fa-f47b490da8d8,"Peres, 2016"
186,Katy Perry,Unconditionally,2013,|6-|4|1|. . R|,|Em|CM|GM|. . R|,$drop,,6- 4 1 R,B,eca2d765-0cb3-4de9-b9fa-f47b490da8d8,"Peres, 2016"
186,Katy Perry,Unconditionally,2013,$a $drop,,$Vr_drop,,,B,eca2d765-0cb3-4de9-b9fa-f47b490da8d8,"Peres, 2016"
186,Katy Perry,Unconditionally,2013,|6-|4|1|||. . R|,|Em|CM|GM|||. . R|,$drop_2,,6- 4 1 R,B,eca2d765-0cb3-4de9-b9fa-f47b490da8d8,"Peres, 2016"
186,Katy Perry,Unconditionally,2013,$a $drop_2,,$Vr_drop2,,,B,eca2d765-0cb3-4de9-b9fa-f47b490da8d8,"Peres, 2016"
186,Katy Perry,Unconditionally,2013,|6-|4|1||,|Em|CM|GM||,$b,Six Four One Rest,6- 4 1,B,eca2d765-0cb3-4de9-b9fa-f47b490da8d8,"Peres, 2016"
186,Katy Perry,Unconditionally,2013,$b $drop_2,,$bridge,,,B,eca2d765-0cb3-4de9-b9fa-f47b490da8d8,"Peres, 2016"
315,Katy Perry,I Kissed A Girl,2008,$In $Vr*2 $Ch $link $Vr*2 $Ch $bridge $Ch,,S,,,C,f1c76af5-1e73-3110-9c70-ef3fa2f33f83,"Peres, Park: MusicID Top 200 (2000-2020)"
315,Katy Perry,I Kissed A Girl,2008,|6-|7o 1|,|Am|Bo CM|,$a,,6- 7o 1,C,f1c76af5-1e73-3110-9c70-ef3fa2f33f83,"Peres, Park: MusicID Top 200 (2000-2020)"
315,Katy Perry,I Kissed A Girl,2008,|2-|4 3-|,|Dm|FM Em|,$b,,2- 4 3-,C,f1c76af5-1e73-3110-9c70-ef3fa2f33f83,"Peres, Park: MusicID Top 200 (2000-2020)"
315,Katy Perry,I Kissed A Girl,2008,$a $b,,$ab,,,C,f1c76af5-1e73-3110-9c70-ef3fa2f33f83,"Peres, Park: MusicID Top 200 (2000-2020)"
315,Katy Perry,I Kissed A Girl,2008,|R||,,"$In, $link",Rest,R,C,f1c76af5-1e73-3110-9c70-ef3fa2f33f83,"Peres, Park: MusicID Top 200 (2000-2020)"
315,Katy Perry,I Kissed A Girl,2008,$ab*2,,$Vr,,,C,f1c76af5-1e73-3110-9c70-ef3fa2f33f83,"Peres, Park: MusicID Top 200 (2000-2020)"
315,Katy Perry,I Kissed A Girl,2008,|6-|1|,|Am|CM|,$a_del,,6- 1,C,f1c76af5-1e73-3110-9c70-ef3fa2f33f83,"Peres, Park: MusicID Top 200 (2000-2020)"
315,Katy Perry,I Kissed A Girl,2008,$a_del $b,,$a_del_b,,,C,f1c76af5-1e73-3110-9c70-ef3fa2f33f83,"Peres, Park: MusicID Top 200 (2000-2020)"
315,Katy Perry,I Kissed A Girl,2008,$a_del_b*4,,$Ch,,,C,f1c76af5-1e73-3110-9c70-ef3fa2f33f83,"Peres, Park: MusicID Top 200 (2000-2020)"
315,Katy Perry,I Kissed A Girl,2008,|4|3-|6-|5|,|FM|Em|Am|GM|,$c,,4 3- 6- 5,C,f1c76af5-1e73-3110-9c70-ef3fa2f33f83,"Peres, Park: MusicID Top 200 (2000-2020)"
315,Katy Perry,I Kissed A Girl,2008,|2-||||,|Dm||||,$c_turnaround,,2-,C,f1c76af5-1e73-3110-9c70-ef3fa2f33f83,"Peres, Park: MusicID Top 200 (2000-2020)"
315,Katy Perry,I Kissed A Girl,2008,$c*2 $c_turnaround,,$bridge,,,C,f1c76af5-1e73-3110-9c70-ef3fa2f33f83,"Peres, Park: MusicID Top 200 (2000-2020)"
107,Taylor Swift,Style,2015,$In $Vr*3 $PCh $Ch $Vr*3 $PCh $Ch $PostCh,,S,,,D,f4dd8235-123f-4f53-ac07-1fc070016c06,"Peres, 2016"
107,Taylor Swift,Style,2015,|6-||4||,|Bm||GM||,$a,Aeolian-Lydian Plateau Shuttle,6- 4,D,f4dd8235-123f-4f53-ac07-1fc070016c06,"Peres, 2016"
107,Taylor Swift,Style,2015,$a*2,,"$In, $Vr",,,D,f4dd8235-123f-4f53-ac07-1fc070016c06,"Peres, 2016"
107,Taylor Swift,Style,2015,|2-|3-|4||,|Em|F#m|GM||,$PCh,,2- 3- 4,D,f4dd8235-123f-4f53-ac07-1fc070016c06,"Peres, 2016"
107,Taylor Swift,Style,2015,|1|. . . 5|4| . . . 5|,|DM|. . . AM|GM| . . . AM|,$b,,1 5 4 5,D,f4dd8235-123f-4f53-ac07-1fc070016c06,"Peres, 2016"
107,Taylor Swift,Style,2015,|6-|. . . 5|4| . . . 5|,|Bm|. . . AM|GM| . . . AM|,$b_turnaround,,6- 5 4 5,D,f4dd8235-123f-4f53-ac07-1fc070016c06,"Peres, 2016"
107,Taylor Swift,Style,2015,$b*3 $b_turnaround,,"$Ch, $PostCh",,,D,f4dd8235-123f-4f53-ac07-1fc070016c06,"Peres, 2016"
109,Justin Bieber,What do You Mean,2015,$In $verse_a $hook $verse_b $verse_a $hook $verse_b*2 $verse_a $hook $verse_b $hook*2,,S,,,A,0a3f5c2b-750a-44ed-8f94-2d422d083d6c,"Peres, 2016"
109,Justin Bieber,What do You Mean,2015,|4|1 . . 6- . . . . |5|4|,|DbM|AbM . . Fm . . . . |EbM|DbM|,$a,,4 1 6- 5 4,A,0a3f5c2b-750a-44ed-8f94-2d422d083d6c,"Peres, 2016"
109,Justin Bieber,What do You Mean,2015,$a*2,,"$In, $verse_a, $hook, $verse_b",,,A,0a3f5c2b-750a-44ed-8f94-2d422d083d6c,"Peres, 2016"
129,Alesso featuring Tove Lo,Heroes (We Could Be),2014,$In $Vr $Vr $riser $DCh $Vr $Vr $riser $DCh $Ch $bridge $Ch,,S,,,C-CLP,66bc3242-008f-4cc3-8494-b60218ff1238,"Peres, 2016"
129,Alesso featuring Tove Lo,Heroes (We Could Be),2014,|1 . . 3-||6- . . 4||,|FM . . Am||Dm . . BbM||,"$a, $In",Axis-C-sub3-,1 3- 6- 4,C-CLP,66bc3242-008f-4cc3-8494-b60218ff1238,"Peres, 2016"
129,Alesso featuring Tove Lo,Heroes (We Could Be),2014,$a*2,,"$Vr, $DCh, $Ch",,,C-CLP,66bc3242-008f-4cc3-8494-b60218ff1238,"Peres, 2016"
129,Alesso featuring Tove Lo,Heroes (We Could Be),2014,$a*4,,$riser,,,C-CLP,66bc3242-008f-4cc3-8494-b60218ff1238,"Peres, 2016"
129,Alesso featuring Tove Lo,Heroes (We Could Be),2014,|4 . . 3-||6- . . 2-|,|BbM . . Am||Dm . . GM|,$b,,4 3- 6- 2-,C-CLP,66bc3242-008f-4cc3-8494-b60218ff1238,"Peres, 2016"
129,Alesso featuring Tove Lo,Heroes (We Could Be),2014,|4 . . 3-||1||,|BbM . . Am||FM||,$b_turnaround,,4 3- 1,C-CLP,66bc3242-008f-4cc3-8494-b60218ff1238,"Peres, 2016"
129,Alesso featuring Tove Lo,Heroes (We Could Be),2014,$b $b_turnaround,,$bridge,,,C-CLP,66bc3242-008f-4cc3-8494-b60218ff1238,"Peres, 2016"
140,Tove Lo,Talking Body,2014,$In $Vr $Vr $Ch $Vr $Vr $Ch $link $bridge $Ch $PostCh,,S,,,B,549458dd-92b0-42bb-a7b6-88d3cc1b2aa9,"Peres, 2016"
140,Tove Lo,Talking Body,2014,|6-|. . . 5 . . . . | 1 . . 4 . . . . | . 5|,|Fm|. . . EbM . . . . | AbM . . DbM . . . . | . EbM|,"$a, $In, $link",,6- 5 1 4 5,B,549458dd-92b0-42bb-a7b6-88d3cc1b2aa9,"Peres, 2016"
140,Tove Lo,Talking Body,2014,$a*2,,$Vr,,,B,549458dd-92b0-42bb-a7b6-88d3cc1b2aa9,"Peres, 2016"
140,Tove Lo,Talking Body,2014,$a*4,,"$Ch, $PostCh",,,B,549458dd-92b0-42bb-a7b6-88d3cc1b2aa9,"Peres, 2016"
140,Tove Lo,Talking Body,2014,|6-|. . . 5 . . . . | 1 . . 4 . . . . ||,|Fm|. . . EbM . . . . | AbM . . DbM . . . . ||,$a_turnaround,Axis-A-reverse,6- 5 1 4,B,549458dd-92b0-42bb-a7b6-88d3cc1b2aa9,"Peres, 2016"
140,Tove Lo,Talking Body,2014,$a*2 $a_turnaround,,$bridge,,,B,549458dd-92b0-42bb-a7b6-88d3cc1b2aa9,"Peres, 2016"
141,Nicki Minaj,The Night is Still Young,2014,$In $Vr $Vr $Ch $Vr*2 $Vr $Ch $riser $Ch $PostCh,,S,,,A,6d3bc6f5-07c2-42c0-981e-6f93fd0c8df7,"Peres, 2016"
141,Nicki Minaj,The Night is Still Young,2014,|4|. . . 5|6-|. . . 1|4|. . . 1|2-|. . . 1|,|BbM|. . . CM|Dm|. . . FM|CM|. . . FM|Gm|. . . FM|,"$a, $In, $Vr, $PostCh",,4 5 6- 1 4 1 2- 1,A,6d3bc6f5-07c2-42c0-981e-6f93fd0c8df7,"Peres, 2016"
141,Nicki Minaj,The Night is Still Young,2014,$a*2,,"$Ch, $riser",,,A,6d3bc6f5-07c2-42c0-981e-6f93fd0c8df7,"Peres, 2016"
187,Miley Cyrus,We Can't Stop,2013,$In $Vr $PCh $Ch $link $Vr $PCh $Ch $link $bridge $Ch $PostCh,,,,,A,a0980ce2-f566-4b6b-bf98-f1ce01f8cc92,"Peres, Richards"
187,Miley Cyrus,We Can't Stop,2013,| 1 | 3- | 6- | 4 |,|FM|Am|Dm|BbM|,"$a, $link, $PCh",Axis-C-sub3-,1 3- 6- 4,A,a0980ce2-f566-4b6b-bf98-f1ce01f8cc92,"Peres, Richards"
187,Miley Cyrus,We Can't Stop,2013,$a*2,,"$In, $Vr, $Ch, $bridge, $PostCh",,,A,a0980ce2-f566-4b6b-bf98-f1ce01f8cc92,"Peres, Richards"
189,Miley Cyrus,Wrecking Ball,2013,$In $Vr $PCh $Ch $c_echo $Vr $PCh $Ch*2 $c_echo $bridge $PCh_short $Ch*2 $c_echo*3,,S,,,D,147bf1a2-b958-487a-9d65-2499b26ff93c,"Peres, 2016"
189,Miley Cyrus,Wrecking Ball,2013,|6-|1|5|2-|,|Dm|FM|CM|Gm|,"$a, $In",,6- 1 5 2-,D,147bf1a2-b958-487a-9d65-2499b26ff93c,"Peres, 2016"
189,Miley Cyrus,Wrecking Ball,2013,$a*2,,$Vr,,,D,147bf1a2-b958-487a-9d65-2499b26ff93c,"Peres, 2016"
189,Miley Cyrus,Wrecking Ball,2013,|4|6-|1|4|,|BbM|Dm|FM|BbM|,"$b, $PCh_short",,4 6- 1 4,D,147bf1a2-b958-487a-9d65-2499b26ff93c,"Peres, 2016"
189,Miley Cyrus,Wrecking Ball,2013,$b*2,,$PCh,,,D,147bf1a2-b958-487a-9d65-2499b26ff93c,"Peres, 2016"
189,Miley Cyrus,Wrecking Ball,2013,| 1 | 5 | 6- | 4 |,|FM|CM|Dm|BbM|,$c,Axis-C,1 5 6- 4,D,147bf1a2-b958-487a-9d65-2499b26ff93c,"Peres, 2016"
189,Miley Cyrus,Wrecking Ball,2013,| 6- | 4 |,|Dm|BbM|,$c_echo,Aeolian-Lydian Plateau Shuttle,6- 4,D,147bf1a2-b958-487a-9d65-2499b26ff93c,"Peres, 2016"
189,Miley Cyrus,Wrecking Ball,2013,$c*2,,$Ch,,,D,147bf1a2-b958-487a-9d65-2499b26ff93c,"Peres, 2016"
189,Miley Cyrus,Wrecking Ball,2013,|4||6-||1||3-||,|BbM||Dm||FM||Am||,$d,Plateau: closed neighboring loop,4 6- 1 3-,D,147bf1a2-b958-487a-9d65-2499b26ff93c,"Peres, 2016"
189,Miley Cyrus,Wrecking Ball,2013,$d*2,,$bridge,,,D,147bf1a2-b958-487a-9d65-2499b26ff93c,"Peres, 2016"
219,Taylor Swift,We Are Never Ever Getting Back Together,2012,$In $Vr*2 $PCh $Ch $link $Vr $PCh $Ch $PostCh $bridge $Ch $Ch_open $Ch,,S,,,B,aa42d642-3771-4180-9c53-00ba22df5a4b,"Peres, Richards"
219,Taylor Swift,We Are Never Ever Getting Back Together,2012,|4 | 1| 5| 6- |,|CM | GM| DM| Em |,"$a, $In, $link",Axis-F,4 1 5 6-,B,aa42d642-3771-4180-9c53-00ba22df5a4b,"Peres, Richards"
219,Taylor Swift,We Are Never Ever Getting Back Together,2012,$a*2,,"$Vr, $PCh",,,B,aa42d642-3771-4180-9c53-00ba22df5a4b,"Peres, Richards"
219,Taylor Swift,We Are Never Ever Getting Back Together,2012,|4 | 1| 5| 6-  5|,|CM | GM| DM| Em DM |,$aa,,4 1 5 6- 5,B,aa42d642-3771-4180-9c53-00ba22df5a4b,"Peres, Richards"
219,Taylor Swift,We Are Never Ever Getting Back Together,2012,|4 | 1| 5| . R|,|CM | GM| DM| . R |,$a_cad,,4 1 5 R,B,aa42d642-3771-4180-9c53-00ba22df5a4b,"Peres, Richards"
219,Taylor Swift,We Are Never Ever Getting Back Together,2012,$aa*3 $a_cad,,$Ch,,,B,aa42d642-3771-4180-9c53-00ba22df5a4b,"Peres, Richards"
219,Taylor Swift,We Are Never Ever Getting Back Together,2012,$aa*2,,$PostCh,,,B,aa42d642-3771-4180-9c53-00ba22df5a4b,"Peres, Richards"
219,Taylor Swift,We Are Never Ever Getting Back Together,2012,$a*3 $a_cad,,$bridge,,,B,aa42d642-3771-4180-9c53-00ba22df5a4b,"Peres, Richards"
219,Taylor Swift,We Are Never Ever Getting Back Together,2012,$aa*4,,$Ch_open,,,B,aa42d642-3771-4180-9c53-00ba22df5a4b,"Peres, Richards"
209,Taylor Swift,I Knew You Were Trouble,2012,$In $Vr*2 $PCh $Ch_drop $DCh $Vr*2 $PCh $Ch $DCh $bridge $Ch $DCh $PostCh ,,S,,,D,8a999d24-acbb-4992-b580-030b2fe83e90,"Peres, Richards"
209,Taylor Swift,I Knew You Were Trouble,2012,|1||,|GM||,$In,One,1,D,8a999d24-acbb-4992-b580-030b2fe83e90,"Peres, Richards"
209,Taylor Swift,I Knew You Were Trouble,2012,| 1 || 5 || 6- || 4 ||,|GM||DM||Em||CM||,"$a, $PCh",Axis-C,1 5 6- 4,D,8a999d24-acbb-4992-b580-030b2fe83e90,"Peres, Richards"
209,Taylor Swift,I Knew You Were Trouble,2012,$a*2,,$Vr,,,D,8a999d24-acbb-4992-b580-030b2fe83e90,"Peres, Richards"
209,Taylor Swift,I Knew You Were Trouble,2012,|6-|4|5|1 5 |,|Em|CM|DM|GM DM|,$b,,6- 4 5 1 5,D,8a999d24-acbb-4992-b580-030b2fe83e90,"Peres, Richards"
209,Taylor Swift,I Knew You Were Trouble,2012,|6-|4|5|R |,|Em|CM|DM|R|,$b_drop,,6- 4 5 R,D,8a999d24-acbb-4992-b580-030b2fe83e90,"Peres, Richards"
209,Taylor Swift,I Knew You Were Trouble,2012,$b*3 $b_drop,,$Ch_drop,,,D,8a999d24-acbb-4992-b580-030b2fe83e90,"Peres, Richards"
209,Taylor Swift,I Knew You Were Trouble,2012,$b*2,,$DCh,,,D,8a999d24-acbb-4992-b580-030b2fe83e90,"Peres, Richards"
209,Taylor Swift,I Knew You Were Trouble,2012,$b*4,,$Ch,,,D,8a999d24-acbb-4992-b580-030b2fe83e90,"Peres, Richards"
209,Taylor Swift,I Knew You Were Trouble,2012,|4||6-||4||5|||,|CM||Em||CM||DM|||,$bridge,,4 6- 4 5,D,8a999d24-acbb-4992-b580-030b2fe83e90,"Peres, Richards"
209,Taylor Swift,I Knew You Were Trouble,2012,|6-|4|5|1 R|,|Em|CM|DM|GM R|,$b_end,,6- 4 5 1 R,D,8a999d24-acbb-4992-b580-030b2fe83e90,"Peres, Richards"
209,Taylor Swift,I Knew You Were Trouble,2012,$b $b_end,,$PostCh,,,D,8a999d24-acbb-4992-b580-030b2fe83e90,"Peres, Richards"
274,Taylor Swift ,Mine ,2010,$In $Vr $PCh $Ch $link $Vr $PCh $Ch $link_2 $bridge $PCh $link $Ch_slow*4 $Ch,,S,,,D,3b86f1da-4c28-3da1-8f90-632e62e7b521,Richards
274,Taylor Swift ,Mine ,2010,| 4 | 1 | 5 | 6- | 4 | 1 | 5 ||,| CM| GM | DM | Em | CM | GM | DM ||,"$a, $link_2",,4 1 5 6- 4 1 5,D,3b86f1da-4c28-3da1-8f90-632e62e7b521,Richards
274,Taylor Swift ,Mine ,2010,$a*2,,"$In, $Vr",,,D,3b86f1da-4c28-3da1-8f90-632e62e7b521,Richards
274,Taylor Swift ,Mine ,2010,| 4 | 1 | 5 ||,| CM | GM | DM ||,$a_short,Closed Double Plagal,4 1 5,D,3b86f1da-4c28-3da1-8f90-632e62e7b521,Richards
274,Taylor Swift ,Mine ,2010,$a_short*4,,$PCh,,,D,3b86f1da-4c28-3da1-8f90-632e62e7b521,Richards
274,Taylor Swift ,Mine ,2010,| 4 || 1 || 5 || 6-  | 5 |,| CM|| GM || DM || Em | DM | ,$b,,4 1 5 6- 5,D,3b86f1da-4c28-3da1-8f90-632e62e7b521,Richards
274,Taylor Swift ,Mine ,2010,$b*2,,$Ch,,,D,3b86f1da-4c28-3da1-8f90-632e62e7b521,Richards
274,Taylor Swift ,Mine ,2010,|4||||,|CM||||,$link,Four,4,D,3b86f1da-4c28-3da1-8f90-632e62e7b521,Richards
274,Taylor Swift ,Mine ,2010,|6-||4||5||||,|Em||CM||DM||||,$c,Plateau: lower incomplete neighbor,6- 4 5,D,3b86f1da-4c28-3da1-8f90-632e62e7b521,Richards
274,Taylor Swift ,Mine ,2010,$c*2,,$bridge,,,D,3b86f1da-4c28-3da1-8f90-632e62e7b521,Richards
274,Taylor Swift ,Mine ,2010,| 4 || 1| | 5 ||||, | CM||GM | DM ||||,$a_slow,Closed Double Plagal,4 1 5,D,3b86f1da-4c28-3da1-8f90-632e62e7b521,Richards
274,Taylor Swift ,Mine ,2010,$b $a_slow,,$Ch_slow,,,D,3b86f1da-4c28-3da1-8f90-632e62e7b521,Richards
108,Jason Derulo,Want to Want Me,2015,$Vr*2 $Ch $DCh $Vr $Ch $DCh $DCh $bridge $Ch $DCh*2,,S,,,D-CLP,f6cf1acf-a10c-49a2-8bf4-a5c63afdd14e,Peres
108,Jason Derulo,Want to Want Me,2015,|1||6-||,|EbM||Cm||,"$a, $DCh",,1 6-,D-CLP,f6cf1acf-a10c-49a2-8bf4-a5c63afdd14e,Peres
108,Jason Derulo,Want to Want Me,2015,$a*4,,$Vr,,,D-CLP,f6cf1acf-a10c-49a2-8bf4-a5c63afdd14e,Peres
108,Jason Derulo,Want to Want Me,2015,|1||6-||4||6-|. . . 5|,|EbM||Cm||AbM||Cm|. . . BbM|,$b,,1 6- 4 6- 5,D-CLP,f6cf1acf-a10c-49a2-8bf4-a5c63afdd14e,Peres
108,Jason Derulo,Want to Want Me,2015,$b*2,,$Ch,,,D-CLP,f6cf1acf-a10c-49a2-8bf4-a5c63afdd14e,Peres
108,Jason Derulo,Want to Want Me,2015,|4|5|6-|3-|,|AbM|BbM|Cm|Gm|,$c,,4 5 6- 3-,D-CLP,f6cf1acf-a10c-49a2-8bf4-a5c63afdd14e,Peres
108,Jason Derulo,Want to Want Me,2015,|4|5|2-|. 5|,|AbM|BbM|Fm|. BbM|,$c_cad,,4 5 2- 5,D-CLP,f6cf1acf-a10c-49a2-8bf4-a5c63afdd14e,Peres
108,Jason Derulo,Want to Want Me,2015,$c $c_cad,,$bridge,,,D-CLP,f6cf1acf-a10c-49a2-8bf4-a5c63afdd14e,Peres
331,Coldplay,Viva la Vida,2008,$In $Vr $link $Vr $Vr $Ch $link $Vr $Vr $Ch $bridge $link $Ch $fadeout,,S,,,"C, D",cc3874b7-447b-371d-9666-fc5bc76c41d8,"Spicer, 2017"
331,Coldplay,Viva la Vida,2008,|4 . . 5|| 1 . . 6-||,|DbM . . EbM|| AbM . . Fm||,$a,,4 5 1 6-,"C, D",cc3874b7-447b-371d-9666-fc5bc76c41d8,"Spicer, 2017"
331,Coldplay,Viva la Vida,2008,$a*2,,"$In, $Vr, $link",,,"C, D",cc3874b7-447b-371d-9666-fc5bc76c41d8,"Spicer, 2017"
331,Coldplay,Viva la Vida,2008,|4 . . 5|| 3- . . 6-||,|DbM . . EbM|| Cm . . Fm||,$a_sub,,4 5 3- 6-,"C, D",cc3874b7-447b-371d-9666-fc5bc76c41d8,"Spicer, 2017"
331,Coldplay,Viva la Vida,2008,$a*2 $a_sub $a,,$Ch,,,"C, D",cc3874b7-447b-371d-9666-fc5bc76c41d8,"Spicer, 2017"
331,Coldplay,Viva la Vida,2008,|4 . . 6-||,|DbM . . Fm||,$b,Lydian-Aeolian Plateau Shuttle,4 6-,"C, D",cc3874b7-447b-371d-9666-fc5bc76c41d8,"Spicer, 2017"
331,Coldplay,Viva la Vida,2008,|5||,|EbM||,$turnaround,Five,5,"C, D",cc3874b7-447b-371d-9666-fc5bc76c41d8,"Spicer, 2017"
331,Coldplay,Viva la Vida,2008,$b*3 $turnaround,,$bridge,,,"C, D",cc3874b7-447b-371d-9666-fc5bc76c41d8,"Spicer, 2017"
331,Coldplay,Viva la Vida,2008,$a_sub*3,,$fadeout,,,"C, D",cc3874b7-447b-371d-9666-fc5bc76c41d8,"Spicer, 2017"
100,Justin Bieber ,Love Yourself ,2015,$Vr $Vr $PCh $Ch $Vr $Vr $PCh $Ch $instr $Vr $Ch*2,,S,,,D-CLP,f3091e5e-6206-4957-ba15-f2f67801dd96,"Richards, Jinny Park: MusicID top 100 (2000-2020)"
100,Justin Bieber ,Love Yourself ,2015,|1 5|6-|2- 1|5|,|EM BM|C#m|F#m EM|BM|,$a,,1 5 6- 2- 1 5,D-CLP,f3091e5e-6206-4957-ba15-f2f67801dd96,"Richards, Jinny Park: MusicID top 100 (2000-2020)"
100,Justin Bieber ,Love Yourself ,2015,$a*2,,$Vr,,,D-CLP,f3091e5e-6206-4957-ba15-f2f67801dd96,"Richards, Jinny Park: MusicID top 100 (2000-2020)"
100,Justin Bieber ,Love Yourself ,2015,|6- . . 4 . . . . |1|,|C#m . .  AM . . . . |EM|,$b,Six Four One Rest,6- 4 1,D-CLP,f3091e5e-6206-4957-ba15-f2f67801dd96,"Richards, Jinny Park: MusicID top 100 (2000-2020)"
100,Justin Bieber ,Love Yourself ,2015,|6- . . 4 . . . . |1 . . 5 . . . . |,|C#m . .  AM . . . . |EM . . BM . . . . |,$b_turnaround,Axis-A,6- 4 1 5,D-CLP,f3091e5e-6206-4957-ba15-f2f67801dd96,"Richards, Jinny Park: MusicID top 100 (2000-2020)"
100,Justin Bieber ,Love Yourself ,2015,|6- . . 4 . . . . |5|,|C#m . .  AM . . . . |BM|,$b_cad,Plateau: lower incomplete neighbor,6- 4 5,D-CLP,f3091e5e-6206-4957-ba15-f2f67801dd96,"Richards, Jinny Park: MusicID top 100 (2000-2020)"
100,Justin Bieber ,Love Yourself ,2015,$b*2 $b_ins $b_cad,,$PCh,,,D-CLP,f3091e5e-6206-4957-ba15-f2f67801dd96,"Richards, Jinny Park: MusicID top 100 (2000-2020)"
100,Justin Bieber ,Love Yourself ,2015,|1 . . . . 5 . . |6- . . . . 4 . . | ,|EM . . . . BM . . |C#m . . . . AM . . | ,$c,Axis-C,1 5 6- 4,D-CLP,f3091e5e-6206-4957-ba15-f2f67801dd96,"Richards, Jinny Park: MusicID top 100 (2000-2020)"
100,Justin Bieber ,Love Yourself ,2015,|1 . . . . 4 . . |1|,|EM . . . . AM . . |EM|,$c_cad,,1 4 1,D-CLP,f3091e5e-6206-4957-ba15-f2f67801dd96,"Richards, Jinny Park: MusicID top 100 (2000-2020)"
100,Justin Bieber ,Love Yourself ,2015,$c $c_cad,,$cc,,,D-CLP,f3091e5e-6206-4957-ba15-f2f67801dd96,"Richards, Jinny Park: MusicID top 100 (2000-2020)"
100,Justin Bieber ,Love Yourself ,2015,$cc*2,,"$Ch, $instr",,,D-CLP,f3091e5e-6206-4957-ba15-f2f67801dd96,"Richards, Jinny Park: MusicID top 100 (2000-2020)"
96,Major Lazer and DJ Snake,Lean On,2015,$In $Vr $Ch $DCh $Vr $Ch $DCh $bridge $Ch ,,S,,,B-CLP,d8999044-ab67-43e1-acd5-8e73cb805740,"Peres, Park: MusicID top 200 (2000-2020)"
96,Major Lazer and DJ Snake,Lean On,2015,|4||6-||,|EbM||Gm||,$a,Lydian-Aeolian Plateau Shuttle,4 6-,B-CLP,d8999044-ab67-43e1-acd5-8e73cb805740,"Peres, Park: MusicID top 200 (2000-2020)"
96,Major Lazer and DJ Snake,Lean On,2015,$a*2,,$In,,,B-CLP,d8999044-ab67-43e1-acd5-8e73cb805740,"Peres, Park: MusicID top 200 (2000-2020)"
96,Major Lazer and DJ Snake,Lean On,2015,|4|. 5 . . |6-|. 1 . . |,|EbM|. FM . . |Gm|. BbM . . |,$b,Plateau: ascending passing loop,4 5 6- 1,B-CLP,d8999044-ab67-43e1-acd5-8e73cb805740,"Peres, Park: MusicID top 200 (2000-2020)"
96,Major Lazer and DJ Snake,Lean On,2015,|4|. 5 . . |6-||,|EbM|. FM . . |Gm||,$b_cad,Plateau: open passing loop,4 5 6-,B-CLP,d8999044-ab67-43e1-acd5-8e73cb805740,"Peres, Park: MusicID top 200 (2000-2020)"
96,Major Lazer and DJ Snake,Lean On,2015,$b $b_cad,,$bb,,,B-CLP,d8999044-ab67-43e1-acd5-8e73cb805740,"Peres, Park: MusicID top 200 (2000-2020)"
96,Major Lazer and DJ Snake,Lean On,2015,$bb*2,,"$Vr, $Ch, $DCh, $bridge",,,B-CLP,d8999044-ab67-43e1-acd5-8e73cb805740,"Peres, Park: MusicID top 200 (2000-2020)"
110,"Skrillex, Diplo, & Justin Biber",Where are √ú Now,2015,$In $Vr*2 $riser $drop $DCh*2 $DCh*2 $Vr*2 $riser $drop $DCh*2 $DCh*2,,S,,,C,27bac763-63c8-4e71-83ca-32934d217888,"Duinker, Peres"
110,"Skrillex, Diplo, & Justin Biber",Where are √ú Now,2015,|4 . . 6-|. 5 . . | . . . 1 | . 4 . . |,|CM . . Em|. DM . . | . . . GM | . CM . . |,"$a, $riser",,4 6- 5 1 4,C,27bac763-63c8-4e71-83ca-32934d217888,"Duinker, Peres"
110,"Skrillex, Diplo, & Justin Biber",Where are √ú Now,2015,$a*2,,"$In, $Vr",,,C,27bac763-63c8-4e71-83ca-32934d217888,"Duinker, Peres"
110,"Skrillex, Diplo, & Justin Biber",Where are √ú Now,2015,|4 . . 6-|. 5 . . | R||,|CM . . Em|. DM . . |R||,$drop,,4 6- 5 R,C,27bac763-63c8-4e71-83ca-32934d217888,"Duinker, Peres"
110,"Skrillex, Diplo, & Justin Biber",Where are √ú Now,2015,|6- . . 1 . . 4 . || . . .  5 . . 2- . ||,|Em . . GM . . CM . || . . .  DM . . Am . ||,$b,,6- 1 4 5 2-,C,27bac763-63c8-4e71-83ca-32934d217888,"Duinker, Peres"
110,"Skrillex, Diplo, & Justin Biber",Where are √ú Now,2015,$b*2,,$DCh,,,C,27bac763-63c8-4e71-83ca-32934d217888,"Duinker, Peres"
294,The Black Eyed Peas,I Gotta Feeling,2009,$In $hook*2 $Vr*2 $Ch $hook $Vr $Ch $Vr $hook ,,S,,,A,137a9b8c-e328-35df-b529-9b17bbd81b65,Park: MusicID top 200 (2000-2020)
294,The Black Eyed Peas,I Gotta Feeling,2009,|1||4||6-||4||,|GM||CM||Em||CM||,"$a, $Ch",,1 4 6- 4,A,137a9b8c-e328-35df-b529-9b17bbd81b65,Park: MusicID top 200 (2000-2020)
294,The Black Eyed Peas,I Gotta Feeling,2009,$a*2,,"$In, $Vr, $hook",,,A,137a9b8c-e328-35df-b529-9b17bbd81b65,Park: MusicID top 200 (2000-2020)
47,The Chainsmokers,Honest,2017,$In $Vr $PCh $Ch $Vr $PCh $Ch $PostCh $Vr $Ch $fadeout,,S,,,"B, C",a7ccb5c5-12b9-446a-989d-2b85bb7947a8,Duinker
47,The Chainsmokers,Honest,2017,|1 2- |6- . . 5|,|EbM Fm|Cm . . BbM|,$a,,1 2- 6- 5,"B, C",a7ccb5c5-12b9-446a-989d-2b85bb7947a8,Duinker
47,The Chainsmokers,Honest,2017,|4 5 |6- . . 5|,|AbM BbM|Cm . . BbM|,"$b, $fadeout",Plateau: circular passing loop,4 5 6- 5,"B, C",a7ccb5c5-12b9-446a-989d-2b85bb7947a8,Duinker
47,The Chainsmokers,Honest,2017,$a*2,,$In,,,"B, C",a7ccb5c5-12b9-446a-989d-2b85bb7947a8,Duinker
47,The Chainsmokers,Honest,2017,$a*4,,$Vr,,,"B, C",a7ccb5c5-12b9-446a-989d-2b85bb7947a8,Duinker
47,The Chainsmokers,Honest,2017,$b*4,,"$PCh, $Ch, $PostCh",,,"B, C",a7ccb5c5-12b9-446a-989d-2b85bb7947a8,Duinker
10,Ed Sheeran & Justin Bieber,I Don't Care,2019,$In $Vr*2 $Ch $Vr*2 $Ch $bridge $Ch*2 $outro,,S,,,B,50ae13c2-8289-4983-bc09-f43aa1974c25,Park: MusicID top 200 (2000-2020)
10,Ed Sheeran & Justin Bieber,I Don't Care,2019,|1||,|F#M||,"$In, $outro",One,1,B,50ae13c2-8289-4983-bc09-f43aa1974c25,Park: MusicID top 200 (2000-2020)
10,Ed Sheeran & Justin Bieber,I Don't Care,2019,|1||6-||4|5|1||,|F#M||D#m||BM|C#M|F#M||,"$a, $Vr",,1 6- 4 5 1,B,50ae13c2-8289-4983-bc09-f43aa1974c25,Park: MusicID top 200 (2000-2020)
10,Ed Sheeran & Justin Bieber,I Don't Care,2019,$a*2,,$Ch,,,B,50ae13c2-8289-4983-bc09-f43aa1974c25,Park: MusicID top 200 (2000-2020)
10,Ed Sheeran & Justin Bieber,I Don't Care,2019,|R||||,|R||||,$b,Rest,R,B,50ae13c2-8289-4983-bc09-f43aa1974c25,Park: MusicID top 200 (2000-2020)
10,Ed Sheeran & Justin Bieber,I Don't Care,2019,$b*2,,$bridge,,,B,50ae13c2-8289-4983-bc09-f43aa1974c25,Park: MusicID top 200 (2000-2020)
51,Ed Sheeran,Shape Of You,2017,$In $Vr $PCh $Ch $DCh $Vr_drop $PCh $Ch $DCh $bridge $Ch $DCh_drop,,S,,,B,a0824059-160a-4b4f-a8bb-83d216aeb0a9,Park: MusicID top 200 (2000-2020)
51,Ed Sheeran,Shape Of You,2017,|6- |2- |4 |5|,|C#m |F#m|AM| BM|,$a,,6- 2- 4 5,B,a0824059-160a-4b4f-a8bb-83d216aeb0a9,Park: MusicID top 200 (2000-2020)
51,Ed Sheeran,Shape Of You,2017,$a*2,,$In,,,B,a0824059-160a-4b4f-a8bb-83d216aeb0a9,Park: MusicID top 200 (2000-2020)
51,Ed Sheeran,Shape Of You,2017,$a*4,,"$Vr, $Ch, $DCh ",,,B,a0824059-160a-4b4f-a8bb-83d216aeb0a9,Park: MusicID top 200 (2000-2020)
51,Ed Sheeran,Shape Of You,2017,|6- |2- |4 R||,|C#m |F#m|AM R||,$drop,,6- 2- 4 R,B,a0824059-160a-4b4f-a8bb-83d216aeb0a9,Park: MusicID top 200 (2000-2020)
51,Ed Sheeran,Shape Of You,2017,$a*3 $drop ,,"$PCh, $DCh_drop",,,B,a0824059-160a-4b4f-a8bb-83d216aeb0a9,Park: MusicID top 200 (2000-2020)
51,Ed Sheeran,Shape Of You,2017,$a $drop $a*2,,$Vr_drop,,,B,a0824059-160a-4b4f-a8bb-83d216aeb0a9,Park: MusicID top 200 (2000-2020)
51,Ed Sheeran,Shape Of You,2017,|R||||,|R||||,$b,Rest,R,B,a0824059-160a-4b4f-a8bb-83d216aeb0a9,Park: MusicID top 200 (2000-2020)
51,Ed Sheeran,Shape Of You,2017,$b*2 $a $drop,,$bridge,,,B,a0824059-160a-4b4f-a8bb-83d216aeb0a9,Park: MusicID top 200 (2000-2020)
430,Three Doors Down,Here Without You,2002,$In $Vr*3 $Ch $link $Vr*2 $Ch $bridge $link_2 $Ch $PostCh $ending,,S,,,D,b15ec51b-f640-4d4d-9191-68e5074a2711,"Richards, Park: MusicID top 200 (2000-2020)"
430,Three Doors Down,Here Without You,2002,|6-||4 . . 5||,|Bm||GM . . AM ||,$In,Plateau: lower incomplete neighbor,6- 4 5,D,b15ec51b-f640-4d4d-9191-68e5074a2711,"Richards, Park: MusicID top 200 (2000-2020)"
430,Three Doors Down,Here Without You,2002,|6-||5||6-||4 . . 5 ||,|Bm||AM||Bm||GM . . AM ||,"$a, $Vr, $link, $PostCh",,6- 5 6- 4 5,D,b15ec51b-f640-4d4d-9191-68e5074a2711,"Richards, Park: MusicID top 200 (2000-2020)"
430,Three Doors Down,Here Without You,2002,|1||5||6-||4 . . 5 ||,|DM||AM||Bm||GM . . AM||,"$b, $link_2",,1 5 6- 4 5,D,b15ec51b-f640-4d4d-9191-68e5074a2711,"Richards, Park: MusicID top 200 (2000-2020)"
430,Three Doors Down,Here Without You,2002,$b*2,,$Ch,,,D,b15ec51b-f640-4d4d-9191-68e5074a2711,"Richards, Park: MusicID top 200 (2000-2020)"
430,Three Doors Down,Here Without You,2002,|6-||1||5||4||,|Bm||DM||AM||GM||,$c,Six One Five Four,6- 1 5 4,D,b15ec51b-f640-4d4d-9191-68e5074a2711,"Richards, Park: MusicID top 200 (2000-2020)"
430,Three Doors Down,Here Without You,2002,|6-||1||5||4||||,|Bm||DM||AM||GM||||,$c_cad,Six One Five Four,6- 1 5 4,D,b15ec51b-f640-4d4d-9191-68e5074a2711,"Richards, Park: MusicID top 200 (2000-2020)"
430,Three Doors Down,Here Without You,2002,$c*2,,$bridge,,,D,b15ec51b-f640-4d4d-9191-68e5074a2711,"Richards, Park: MusicID top 200 (2000-2020)"
430,Three Doors Down,Here Without You,2002,|6-||||,|Bm||||,$ending,Six,6-,D,b15ec51b-f640-4d4d-9191-68e5074a2711,"Richards, Park: MusicID top 200 (2000-2020)"
68,ZAYN,Pillow Talk,2016,$In $Vr*2 $link $Ch $Vr*2 $Ch $bridge $Ch,,S,,,C-CLP,1c32c2c8-7409-4995-9dfe-d7b99cb78d81,Peres
68,ZAYN,Pillow Talk,2016,|4||5||4||5 . . 1||,|EM||F#M||EM||F#M . . BM||,"$a, $In, $Vr",,4 5 4 5 1,C-CLP,1c32c2c8-7409-4995-9dfe-d7b99cb78d81,Peres
68,ZAYN,Pillow Talk,2016,|6- 4|1|,|C#m EM|BM|,$b,Six Four One Rest,6- 4 1,C-CLP,1c32c2c8-7409-4995-9dfe-d7b99cb78d81,Peres
68,ZAYN,Pillow Talk,2016,|6- 4-|1|,|C#m Em|BM|,$b_sub,,6- 4- 1,C-CLP,1c32c2c8-7409-4995-9dfe-d7b99cb78d81,Peres
68,ZAYN,Pillow Talk,2016,$b $b_sub,,$link,,,C-CLP,1c32c2c8-7409-4995-9dfe-d7b99cb78d81,Peres
68,ZAYN,Pillow Talk,2016,$a*2,,$Ch,,,C-CLP,1c32c2c8-7409-4995-9dfe-d7b99cb78d81,Peres
68,ZAYN,Pillow Talk,2016,$a $link,,$instr,,,C-CLP,1c32c2c8-7409-4995-9dfe-d7b99cb78d81,Peres